-- ============================================================
-- 成人肥胖食养指南 - 84套全日食谱
-- 来源：国家卫生健康委《成人肥胖食养指南（2024年版）》附录3
-- ============================================================

-- DDL
CREATE TABLE regions (
    id    INTEGER PRIMARY KEY,
    name  TEXT NOT NULL UNIQUE
);

CREATE TABLE seasons (
    id    INTEGER PRIMARY KEY,
    name  TEXT NOT NULL UNIQUE
);

CREATE TABLE recipes (
    id            INTEGER PRIMARY KEY,
    region_id     INTEGER NOT NULL REFERENCES regions(id),
    season_id     INTEGER NOT NULL REFERENCES seasons(id),
    energy_kcal   INTEGER NOT NULL,
    serial_no     INTEGER NOT NULL,
    title         TEXT    NOT NULL,
    oil_g         REAL,
    salt_note     TEXT,
    protein_g     REAL,
    carb_g        REAL,
    fat_g         REAL,
    protein_pct   REAL,
    carb_pct      REAL,
    fat_pct       REAL,
    UNIQUE(region_id, season_id, energy_kcal, serial_no)
);

CREATE TABLE meals (
    id          INTEGER PRIMARY KEY,
    recipe_id   INTEGER NOT NULL REFERENCES recipes(id),
    meal_type   TEXT    NOT NULL,  -- breakfast / snack / lunch / dinner
    sort_order  INTEGER NOT NULL DEFAULT 0
);

CREATE TABLE dishes (
    id          INTEGER PRIMARY KEY,
    meal_id     INTEGER NOT NULL REFERENCES meals(id),
    name        TEXT    NOT NULL,
    sort_order  INTEGER NOT NULL DEFAULT 0
);

CREATE TABLE ingredients (
    id              INTEGER PRIMARY KEY,
    dish_id         INTEGER NOT NULL REFERENCES dishes(id),
    name            TEXT    NOT NULL,
    amount          REAL,
    unit            TEXT,
    state           TEXT,
    is_medicinal    INTEGER NOT NULL DEFAULT 0,
    sort_order      INTEGER NOT NULL DEFAULT 0
);

-- DML

INSERT INTO regions (id, name) VALUES
  (1,'东北地区'),
  (2,'西北地区'),
  (3,'华北地区'),
  (4,'华东地区'),
  (5,'华中地区'),
  (6,'西南地区'),
  (7,'华南地区');

INSERT INTO seasons (id, name) VALUES
  (1,'春季'),
  (2,'夏季'),
  (3,'秋季'),
  (4,'冬季');

INSERT INTO recipes (id,region_id,season_id,energy_kcal,serial_no,title,oil_g,salt_note,protein_g,carb_g,fat_g,protein_pct,carb_pct,fat_pct) VALUES
  (1,1,1,1200,1,'春季食谱1（总能量约1200kcal）',15.0,NULL,64.0,164.0,40.0,20.0,52.0,28.0),
  (2,1,1,1400,1,'春季食谱2（总能量约1400kcal）',20.0,NULL,64.0,203.0,43.0,18.0,55.0,27.0),
  (3,1,1,1600,1,'春季食谱3（总能量约1600kcal）',25.0,NULL,76.0,231.0,48.0,18.0,56.0,26.0),
  (4,1,2,1200,1,'夏季食谱1（总能量约1200kcal）',15.0,NULL,65.0,170.0,41.0,20.0,51.0,29.0),
  (5,1,2,1400,1,'夏季食谱2（总能量约1400kcal）',20.0,NULL,65.0,205.0,43.0,18.0,55.0,27.0),
  (6,1,2,1600,1,'夏季食谱3（总能量约1600kcal）',25.0,NULL,73.0,226.0,54.0,17.0,54.0,29.0),
  (7,1,3,1200,1,'秋季食谱1（总能量约1200kcal）',15.0,NULL,55.0,181.0,39.0,17.0,55.0,28.0),
  (8,1,3,1400,1,'秋季食谱2（总能量约1400kcal）',20.0,NULL,62.0,221.0,39.0,17.0,59.0,24.0),
  (9,1,3,1600,1,'秋季食谱3（总能量约1600kcal）',25.0,NULL,65.0,224.0,55.0,16.0,54.0,30.0),
  (10,1,4,1200,1,'冬季食谱1（总能量约1200kcal）',15.0,NULL,56.0,167.0,36.0,19.0,54.0,27.0),
  (11,1,4,1400,1,'冬季食谱2（总能量约1400kcal）',20.0,NULL,75.0,206.0,42.0,20.0,55.0,25.0),
  (12,1,4,1600,1,'冬季食谱3（总能量约1600kcal）',25.0,NULL,74.0,217.0,55.0,18.0,52.0,30.0),
  (13,2,1,1200,1,'春季食谱1（总能量约1200kcal）',12.0,NULL,50.0,180.0,35.0,16.0,58.0,26.0),
  (14,2,1,1400,1,'春季食谱2（总能量约1400kcal）',12.0,NULL,71.0,199.0,40.0,20.0,55.0,25.0),
  (15,2,1,1600,1,'春季食谱3（总能量约1600kcal）',12.0,NULL,79.0,206.0,50.0,20.0,52.0,28.0),
  (16,2,2,1200,1,'夏季食谱1（总能量约1200kcal）',12.0,NULL,56.0,148.0,38.0,19.0,51.0,29.0),
  (17,2,2,1400,1,'夏季食谱2（总能量约1400kcal）',10.0,NULL,68.0,182.0,47.0,19.0,51.0,30.0),
  (18,2,2,1600,1,'夏季食谱3（总能量约1600kcal）',10.0,NULL,81.0,205.0,50.0,20.0,52.0,28.0),
  (19,2,3,1200,1,'秋季食谱1（总能量约1200kcal）',12.0,NULL,59.0,157.0,39.0,19.0,52.0,30.0),
  (20,2,3,1400,1,'秋季食谱2（总能量约1400kcal）',10.0,NULL,68.0,182.0,47.0,19.0,51.0,30.0),
  (21,2,3,1600,1,'秋季食谱3（总能量约1600kcal）',12.0,NULL,78.0,219.0,45.0,20.0,55.0,25.0),
  (22,2,4,1200,1,'冬季食谱1（总能量约1200kcal）',12.0,NULL,60.0,161.0,35.0,20.0,54.0,26.0),
  (23,2,4,1400,1,'冬季食谱2（总能量约1400kcal）',15.0,NULL,56.0,189.0,44.0,16.0,55.0,29.0),
  (24,2,4,1600,1,'冬季食谱3（总能量约1600kcal）',12.0,NULL,79.0,206.0,51.0,20.0,52.0,29.0),
  (25,3,1,1200,1,'春季食谱1（总能量约1200kcal）',24.0,NULL,57.0,173.0,30.0,19.0,58.0,23.0),
  (26,3,1,1400,1,'春季食谱2（总能量约1400kcal）',NULL,NULL,68.0,191.0,39.0,19.0,56.0,25.0),
  (27,3,1,1600,1,'春季食谱3（总能量约1600kcal）',25.0,NULL,74.0,227.0,41.0,18.0,59.0,23.0),
  (28,3,2,1200,1,'夏季食谱1（总能量约1200kcal）',15.0,NULL,57.0,173.0,30.0,19.0,58.0,23.0),
  (29,3,2,1400,1,'夏季食谱2（总能量约1400kcal）',21.0,NULL,70.0,187.0,38.0,20.0,55.0,25.0),
  (30,3,2,1600,1,'夏季食谱3（总能量约1600kcal）',25.0,NULL,76.0,218.0,44.0,19.0,57.0,24.0),
  (31,3,3,1200,1,'秋季食谱1（总能量约1200kcal）',16.0,NULL,59.0,164.0,32.0,19.0,57.0,24.0),
  (32,3,3,1400,1,'秋季食谱2（总能量1400kcal）',19.0,NULL,64.0,198.0,36.0,18.0,59.0,23.0),
  (33,3,3,1600,1,'秋季食谱3（总能量约1600kcal）',20.0,NULL,77.0,227.0,43.0,19.0,57.0,24.0),
  (34,3,4,1200,1,'冬季食谱1（总能量约1200kcal）',18.0,NULL,59.0,156.0,34.0,20.0,55.0,26.0),
  (35,3,4,1400,1,'冬季食谱2（总能量约1400kcal）',18.0,NULL,68.0,186.0,39.0,19.0,55.0,25.0),
  (36,3,4,1600,1,'冬季食谱3（总能量约1600kcal）',25.0,NULL,78.0,231.0,39.0,20.0,58.0,22.0),
  (37,4,1,1200,1,'春季食谱1（总能量约1200kcal）',15.0,NULL,62.0,167.0,35.0,20.0,53.0,27.0),
  (38,4,1,1400,1,'春季食谱2（总能量约1400kcal）',20.0,NULL,71.0,195.0,42.0,20.0,53.0,27.0),
  (39,4,1,1600,1,'春季食谱3（总能量约1600kcal）',25.0,NULL,81.0,218.0,50.0,20.0,52.0,28.0),
  (40,4,2,1200,1,'夏季食谱1（总能量约1200kcal）',15.0,NULL,60.0,182.0,30.0,20.0,57.0,23.0),
  (41,4,2,1400,1,'夏季食谱2（总能量约1400kcal）',20.0,NULL,71.0,216.0,33.0,20.0,59.0,21.0),
  (42,4,2,1600,1,'夏季食谱3（总能量约1600kcal）',25.0,NULL,82.0,237.0,43.0,20.0,55.0,25.0),
  (43,4,3,1200,1,'秋季食谱1（总能量约1200kcal）',15.0,NULL,60.0,180.0,31.0,20.0,56.0,24.0),
  (44,4,3,1400,1,'秋季食谱2（总能量约1400kcal）',10.0,NULL,71.0,190.0,44.0,20.0,53.0,27.0),
  (45,4,3,1600,1,'秋季食谱3（总能量约1600kcal）',15.0,NULL,80.0,221.0,48.0,20.0,53.0,27.0),
  (46,4,4,1200,1,'冬季食谱1（总能量约1200kcal）',18.0,NULL,59.0,173.0,32.0,19.0,55.0,26.0),
  (47,4,4,1400,1,'冬季食谱2（总能量约1400kcal）',20.0,NULL,69.0,200.0,39.0,20.0,55.0,25.0),
  (48,4,4,1600,1,'冬季食谱3（总能量约1600kcal）',20.0,NULL,83.0,219.0,49.0,20.0,52.0,28.0),
  (49,5,1,1200,1,'春季食谱1（总能量约1200kcal）',NULL,NULL,61.0,163.0,40.0,20.0,51.0,29.0),
  (50,5,1,1400,1,'春季食谱2（总能量约1400kcal）',NULL,NULL,72.0,207.0,37.0,20.0,57.0,23.0),
  (51,5,1,1600,1,'春季食谱3（总能量约1600kcal）',NULL,NULL,79.0,216.0,49.0,19.0,54.0,27.0),
  (52,5,2,1200,1,'夏季食谱1（总能量约1200kcal）',15.0,NULL,65.0,184.0,33.0,20.0,57.0,23.0),
  (53,5,2,1400,1,'夏季食谱2（总能量约1400kcal）',20.0,NULL,74.0,204.0,38.0,20.0,56.0,24.0),
  (54,5,2,1600,1,'夏季食谱3（总能量约1600kcal）',20.0,NULL,82.0,214.0,51.0,20.0,52.0,28.0),
  (55,5,3,1200,1,'秋季食谱1（总能量约1200kcal）',15.0,NULL,62.0,144.0,40.0,20.0,50.0,30.0),
  (56,5,3,1400,1,'秋季食谱2（总能量约1400kcal）',20.0,NULL,72.0,209.0,37.0,20.0,57.0,23.0),
  (57,5,3,1600,1,'秋季食谱3（总能量约1600kcal）',20.0,NULL,80.0,216.0,50.0,19.0,53.0,28.0),
  (58,5,4,1200,1,'冬季食谱1（总能量约1200kcal）',15.0,NULL,60.0,178.0,32.0,19.0,58.0,23.0),
  (59,5,4,1400,1,'冬季食谱2（总能量约1400kcal）',20.0,NULL,72.0,184.0,46.0,20.0,51.0,29.0),
  (60,5,4,1600,1,'冬季食谱3（总能量约1600kcal）',20.0,NULL,81.0,231.0,44.0,20.0,56.0,24.0),
  (61,6,1,1200,1,'春季食谱1（总能量约1200kcal）',24.0,NULL,61.0,155.0,38.0,20.0,52.0,28.0),
  (62,6,1,1400,1,'春季食谱2（总能量约1400kcal）',25.0,NULL,65.0,188.0,45.0,18.0,54.0,29.0),
  (63,6,1,1600,1,'春季食谱3（总能量约1600kcal）',25.0,NULL,79.0,210.0,50.0,20.0,52.0,28.0),
  (64,6,2,1200,1,'夏季食谱1（总能量约1200kcal）',25.0,NULL,59.0,175.0,40.0,19.0,57.0,29.0),
  (65,6,2,1400,1,'夏季食谱2（总能量约1400kcal）',25.0,NULL,68.0,189.0,41.0,18.0,55.0,27.0),
  (66,6,2,1600,1,'夏季食谱3（总能量约1600kcal）',25.0,NULL,73.0,206.0,53.0,18.0,52.0,30.0),
  (67,6,3,1200,1,'秋季食谱1（总能量约1200kcal）',24.0,NULL,62.0,150.0,40.0,20.0,50.0,30.0),
  (68,6,3,1400,1,'秋季食谱2（总能量约1400kcal）',25.0,NULL,71.0,185.0,43.0,20.0,53.0,28.0),
  (69,6,3,1600,1,'秋季食谱3（总能量约1600kcal）',25.0,NULL,82.0,215.0,48.0,20.0,53.0,27.0),
  (70,6,4,1200,1,'冬季食谱1（总能量约1200kcal）',25.0,NULL,60.0,166.0,41.0,19.0,51.0,30.0),
  (71,6,4,1400,1,'冬季食谱2（总能量约1400kcal）',25.0,NULL,71.0,196.0,40.0,20.0,55.0,25.0),
  (72,6,4,1600,1,'冬季食谱3（总能量约1600kcal）',24.0,NULL,81.0,206.0,53.0,18.0,52.0,30.0),
  (73,7,1,1200,1,'春季食谱1（总能量约1200kcal）',20.0,NULL,55.0,170.0,36.0,18.0,55.0,27.0),
  (74,7,1,1400,1,'春季食谱2（总能量约1400kcal）',19.0,NULL,62.0,202.0,43.0,17.0,56.0,27.0),
  (75,7,1,1600,1,'春季食谱3（总能量约1600kcal）',21.0,NULL,69.0,230.0,48.0,17.0,57.0,26.0),
  (76,7,2,1200,1,'夏季食谱1（总能量约1200kcal）',18.0,NULL,54.0,177.0,34.0,18.0,57.0,25.0),
  (77,7,2,1400,1,'夏季食谱2（总能量约1400kcal）',16.0,NULL,62.0,203.0,40.0,18.0,57.0,25.0),
  (78,7,2,1600,1,'夏季食谱3（总能量约1600kcal）',24.0,NULL,81.0,242.0,46.0,19.0,57.0,24.0),
  (79,7,3,1200,1,'秋季食谱1（总能量约1200kcal）',19.0,NULL,50.0,175.0,36.0,16.0,57.0,27.0),
  (80,7,3,1400,1,'秋季食谱2（总能量约1400kcal）',21.0,NULL,66.0,206.0,43.0,18.0,56.0,26.0),
  (81,7,3,1600,1,'秋季食谱3（总能量约1600kcal）',24.0,NULL,75.0,231.0,47.0,18.0,56.0,26.0),
  (82,7,4,1200,1,'冬季食谱1（总能量约1200kcal）',16.0,NULL,55.0,174.0,35.0,18.0,57.0,25.0),
  (83,7,4,1400,1,'冬季食谱2（总能量约1400kcal）',21.0,NULL,62.0,199.0,43.0,17.0,56.0,27.0),
  (84,7,4,1600,1,'冬季食谱3（总能量约1600kcal）',24.0,NULL,70.0,236.0,49.0,17.0,57.0,26.0);

INSERT INTO meals (id,recipe_id,meal_type,sort_order) VALUES
  (1,1,'breakfast',1),
  (2,1,'snack',2),
  (3,1,'lunch',3),
  (4,1,'dinner',4),
  (5,2,'breakfast',1),
  (6,2,'snack',2),
  (7,2,'lunch',3),
  (8,2,'snack',4),
  (9,2,'dinner',5),
  (10,3,'breakfast',1),
  (11,3,'snack',2),
  (12,3,'lunch',3),
  (13,3,'snack',4),
  (14,3,'dinner',5),
  (15,4,'breakfast',1),
  (16,4,'snack',2),
  (17,4,'lunch',3),
  (18,4,'dinner',4),
  (19,5,'breakfast',1),
  (20,5,'snack',2),
  (21,5,'lunch',3),
  (22,5,'snack',4),
  (23,5,'dinner',5),
  (24,6,'breakfast',1),
  (25,6,'snack',2),
  (26,6,'lunch',3),
  (27,6,'snack',4),
  (28,6,'dinner',5),
  (29,7,'breakfast',1),
  (30,7,'snack',2),
  (31,7,'lunch',3),
  (32,7,'dinner',4),
  (33,8,'breakfast',1),
  (34,8,'snack',2),
  (35,8,'lunch',3),
  (36,8,'snack',4),
  (37,8,'dinner',5),
  (38,9,'breakfast',1),
  (39,9,'snack',2),
  (40,9,'lunch',3),
  (41,9,'snack',4),
  (42,9,'dinner',5),
  (43,10,'breakfast',1),
  (44,10,'snack',2),
  (45,10,'lunch',3),
  (46,10,'dinner',4),
  (47,11,'breakfast',1),
  (48,11,'snack',2),
  (49,11,'lunch',3),
  (50,11,'dinner',4),
  (51,12,'breakfast',1),
  (52,12,'snack',2),
  (53,12,'lunch',3),
  (54,12,'snack',4),
  (55,12,'dinner',5),
  (56,13,'breakfast',1),
  (57,13,'snack',2),
  (58,13,'lunch',3),
  (59,13,'snack',4),
  (60,13,'dinner',5),
  (61,14,'breakfast',1),
  (62,14,'snack',2),
  (63,14,'lunch',3),
  (64,14,'snack',4),
  (65,14,'dinner',5),
  (66,15,'breakfast',1),
  (67,15,'snack',2),
  (68,15,'lunch',3),
  (69,15,'snack',4),
  (70,15,'dinner',5),
  (71,16,'breakfast',1),
  (72,16,'snack',2),
  (73,16,'lunch',3),
  (74,16,'snack',4),
  (75,16,'dinner',5),
  (76,17,'breakfast',1),
  (77,17,'snack',2),
  (78,17,'lunch',3),
  (79,17,'snack',4),
  (80,17,'dinner',5),
  (81,18,'breakfast',1),
  (82,18,'snack',2),
  (83,18,'lunch',3),
  (84,18,'snack',4),
  (85,18,'dinner',5),
  (86,19,'breakfast',1),
  (87,19,'snack',2),
  (88,19,'lunch',3),
  (89,19,'snack',4),
  (90,19,'dinner',5),
  (91,20,'breakfast',1),
  (92,20,'snack',2),
  (93,20,'lunch',3),
  (94,20,'snack',4),
  (95,20,'dinner',5),
  (96,21,'breakfast',1),
  (97,21,'snack',2),
  (98,21,'lunch',3),
  (99,21,'snack',4),
  (100,21,'dinner',5),
  (101,22,'breakfast',1),
  (102,22,'snack',2),
  (103,22,'lunch',3),
  (104,22,'snack',4),
  (105,22,'dinner',5),
  (106,23,'breakfast',1),
  (107,23,'snack',2),
  (108,23,'lunch',3),
  (109,23,'snack',4),
  (110,23,'dinner',5),
  (111,24,'breakfast',1),
  (112,24,'snack',2),
  (113,24,'lunch',3),
  (114,24,'snack',4),
  (115,24,'dinner',5),
  (116,25,'breakfast',1),
  (117,25,'lunch',2),
  (118,25,'dinner',3),
  (119,26,'breakfast',1),
  (120,26,'lunch',2),
  (121,26,'dinner',3),
  (122,27,'breakfast',1),
  (123,27,'lunch',2),
  (124,27,'dinner',3),
  (125,28,'breakfast',1),
  (126,28,'lunch',2),
  (127,28,'dinner',3),
  (128,29,'breakfast',1),
  (129,29,'lunch',2),
  (130,29,'dinner',3),
  (131,30,'breakfast',1),
  (132,30,'lunch',2),
  (133,30,'dinner',3),
  (134,31,'breakfast',1),
  (135,31,'lunch',2),
  (136,31,'dinner',3),
  (137,32,'breakfast',1),
  (138,32,'lunch',2),
  (139,32,'dinner',3),
  (140,33,'breakfast',1),
  (141,33,'lunch',2),
  (142,33,'dinner',3),
  (143,34,'breakfast',1),
  (144,34,'lunch',2),
  (145,34,'dinner',3),
  (146,35,'breakfast',1),
  (147,35,'lunch',2),
  (148,35,'dinner',3),
  (149,36,'breakfast',1),
  (150,36,'lunch',2),
  (151,36,'dinner',3),
  (152,37,'breakfast',1),
  (153,37,'snack',2),
  (154,37,'lunch',3),
  (155,37,'snack',4),
  (156,37,'dinner',5),
  (157,38,'breakfast',1),
  (158,38,'snack',2),
  (159,38,'lunch',3),
  (160,38,'snack',4),
  (161,38,'dinner',5),
  (162,39,'breakfast',1),
  (163,39,'snack',2),
  (164,39,'lunch',3),
  (165,39,'snack',4),
  (166,39,'dinner',5),
  (167,40,'breakfast',1),
  (168,40,'snack',2),
  (169,40,'lunch',3),
  (170,40,'snack',4),
  (171,40,'dinner',5),
  (172,41,'breakfast',1),
  (173,41,'snack',2),
  (174,41,'lunch',3),
  (175,41,'snack',4),
  (176,41,'dinner',5),
  (177,42,'breakfast',1),
  (178,42,'snack',2),
  (179,42,'lunch',3),
  (180,42,'snack',4),
  (181,42,'dinner',5),
  (182,43,'breakfast',1),
  (183,43,'snack',2),
  (184,43,'lunch',3),
  (185,43,'snack',4),
  (186,43,'dinner',5),
  (187,44,'breakfast',1),
  (188,44,'snack',2),
  (189,44,'lunch',3),
  (190,44,'snack',4),
  (191,44,'dinner',5),
  (192,45,'breakfast',1),
  (193,45,'snack',2),
  (194,45,'lunch',3),
  (195,45,'snack',4),
  (196,45,'dinner',5),
  (197,46,'breakfast',1),
  (198,46,'snack',2),
  (199,46,'lunch',3),
  (200,46,'snack',4),
  (201,46,'dinner',5),
  (202,47,'breakfast',1),
  (203,47,'snack',2),
  (204,47,'lunch',3),
  (205,47,'snack',4),
  (206,47,'dinner',5),
  (207,48,'breakfast',1),
  (208,48,'snack',2),
  (209,48,'lunch',3),
  (210,48,'snack',4),
  (211,48,'dinner',5),
  (212,49,'breakfast',1),
  (213,49,'lunch',2),
  (214,49,'snack',3),
  (215,49,'dinner',4),
  (216,50,'breakfast',1),
  (217,50,'lunch',2),
  (218,50,'snack',3),
  (219,50,'dinner',4),
  (220,51,'breakfast',1),
  (221,51,'lunch',2),
  (222,51,'snack',3),
  (223,51,'dinner',4),
  (224,52,'breakfast',1),
  (225,52,'lunch',2),
  (226,52,'snack',3),
  (227,52,'dinner',4),
  (228,53,'breakfast',1),
  (229,53,'lunch',2),
  (230,53,'snack',3),
  (231,53,'dinner',4),
  (232,54,'breakfast',1),
  (233,54,'lunch',2),
  (234,54,'snack',3),
  (235,54,'dinner',4),
  (236,55,'breakfast',1),
  (237,55,'lunch',2),
  (238,55,'snack',3),
  (239,55,'dinner',4),
  (240,56,'breakfast',1),
  (241,56,'lunch',2),
  (242,56,'snack',3),
  (243,56,'dinner',4),
  (244,57,'breakfast',1),
  (245,57,'lunch',2),
  (246,57,'snack',3),
  (247,57,'dinner',4),
  (248,58,'breakfast',1),
  (249,58,'lunch',2),
  (250,58,'snack',3),
  (251,58,'dinner',4),
  (252,59,'breakfast',1),
  (253,59,'lunch',2),
  (254,59,'snack',3),
  (255,59,'dinner',4),
  (256,60,'breakfast',1),
  (257,60,'lunch',2),
  (258,60,'snack',3),
  (259,60,'dinner',4),
  (260,61,'breakfast',1),
  (261,61,'snack',2),
  (262,61,'lunch',3),
  (263,61,'snack',4),
  (264,61,'dinner',5),
  (265,62,'breakfast',1),
  (266,62,'lunch',2),
  (267,62,'snack',3),
  (268,62,'dinner',4),
  (269,63,'breakfast',1),
  (270,63,'lunch',2),
  (271,63,'dinner',3),
  (272,64,'breakfast',1),
  (273,64,'snack',2),
  (274,64,'lunch',3),
  (275,64,'dinner',4),
  (276,65,'breakfast',1),
  (277,65,'snack',2),
  (278,65,'lunch',3),
  (279,65,'dinner',4),
  (280,66,'breakfast',1),
  (281,66,'snack',2),
  (282,66,'lunch',3),
  (283,66,'snack',4),
  (284,66,'dinner',5),
  (285,67,'breakfast',1),
  (286,67,'snack',2),
  (287,67,'lunch',3),
  (288,67,'dinner',4),
  (289,68,'breakfast',1),
  (290,68,'lunch',2),
  (291,68,'dinner',3),
  (292,69,'breakfast',1),
  (293,69,'lunch',2),
  (294,69,'dinner',3),
  (295,70,'breakfast',1),
  (296,70,'lunch',2),
  (297,70,'dinner',3),
  (298,71,'breakfast',1),
  (299,71,'lunch',2),
  (300,71,'dinner',3),
  (301,72,'breakfast',1),
  (302,72,'lunch',2),
  (303,72,'snack',3),
  (304,72,'dinner',4),
  (305,73,'breakfast',1),
  (306,73,'lunch',2),
  (307,73,'snack',3),
  (308,73,'dinner',4),
  (309,74,'breakfast',1),
  (310,74,'lunch',2),
  (311,74,'snack',3),
  (312,74,'dinner',4),
  (313,75,'breakfast',1),
  (314,75,'lunch',2),
  (315,75,'snack',3),
  (316,75,'dinner',4),
  (317,76,'breakfast',1),
  (318,76,'lunch',2),
  (319,76,'snack',3),
  (320,76,'dinner',4),
  (321,77,'breakfast',1),
  (322,77,'lunch',2),
  (323,77,'snack',3),
  (324,77,'dinner',4),
  (325,78,'breakfast',1),
  (326,78,'lunch',2),
  (327,78,'snack',3),
  (328,78,'dinner',4),
  (329,79,'breakfast',1),
  (330,79,'lunch',2),
  (331,79,'snack',3),
  (332,79,'dinner',4),
  (333,80,'breakfast',1),
  (334,80,'lunch',2),
  (335,80,'snack',3),
  (336,80,'dinner',4),
  (337,81,'breakfast',1),
  (338,81,'lunch',2),
  (339,81,'snack',3),
  (340,81,'dinner',4),
  (341,82,'breakfast',1),
  (342,82,'lunch',2),
  (343,82,'snack',3),
  (344,82,'dinner',4),
  (345,83,'breakfast',1),
  (346,83,'lunch',2),
  (347,83,'snack',3),
  (348,83,'dinner',4),
  (349,84,'breakfast',1),
  (350,84,'lunch',2),
  (351,84,'snack',3),
  (352,84,'dinner',4);

INSERT INTO dishes (id,meal_id,name,sort_order) VALUES
  (1,1,'馒头',1),
  (2,1,'煮鸡蛋',2),
  (3,1,'低脂牛奶',3),
  (4,1,'凉拌菠菜',4),
  (5,2,'苹果',1),
  (6,3,'二米饭',1),
  (7,3,'铁锅炖鱼',2),
  (8,4,'菜包饭',1),
  (9,4,'西兰花虾皮萝卜汤',2),
  (10,5,'玉米面发糕',1),
  (11,5,'煮鸡蛋',2),
  (12,5,'无糖豆浆',3),
  (13,5,'凉拌芹菜',4),
  (14,6,'鸭梨',1),
  (15,7,'二米饭',1),
  (16,7,'蒜苔炒肉',2),
  (17,7,'尖椒土豆片',3),
  (18,7,'决明子海带豆腐汤',4),
  (19,8,'无糖酸奶',1),
  (20,9,'羊肉荞面',1),
  (21,9,'素炒油麦菜',2),
  (22,10,'杂粮粥',1),
  (23,10,'煮鸡蛋',2),
  (24,10,'凉拌海带',3),
  (25,11,'无糖酸奶',1),
  (26,12,'二米饭',1),
  (27,12,'当归羊肉炖萝卜',2),
  (28,12,'韭菜炒豆芽',3),
  (29,13,'樱桃',1),
  (30,14,'黄芪茯苓粥',1),
  (31,14,'香菇炒油菜',2),
  (32,15,'锅贴',1),
  (33,15,'煮鸡蛋',2),
  (34,15,'小葱拌豆腐',3),
  (35,16,'葡萄',1),
  (36,17,'莜面鱼鱼',1),
  (37,17,'羊肉土豆香菇汤',2),
  (38,17,'蒜炒茼蒿',3),
  (39,17,'紫苏茶',4),
  (40,18,'三豆薏苡仁粥',1),
  (41,18,'凉拌苦菜',2),
  (42,18,'肉炒蒜苔',3),
  (43,19,'煮玉米',1),
  (44,19,'低脂牛奶',2),
  (45,19,'煮鸡蛋',3),
  (46,19,'西兰花拌木耳',4),
  (47,20,'西瓜',1),
  (48,21,'沙葱猪肉水饺',1),
  (49,21,'凉拌秋葵',2),
  (50,22,'桑椹枸杞玫瑰茶',1),
  (51,23,'莲子百合粥',1),
  (52,23,'蒜泥茄子',2),
  (53,23,'无糖酸奶',3),
  (54,24,'蔬菜饼',1),
  (55,24,'牛奶燕麦粥',2),
  (56,24,'洋葱拌海带',3),
  (57,25,'杏',1),
  (58,26,'二米饭',1),
  (59,26,'尖椒炒肉',2),
  (60,26,'小炒素三鲜',3),
  (61,26,'白萝卜黄芪牛肉汤',4),
  (62,27,'无糖酸奶',1),
  (63,28,'鸡丝凉面',1),
  (64,28,'干煸豆角',2),
  (65,29,'蒸南瓜',1),
  (66,29,'低脂牛奶',2),
  (67,29,'茶叶蛋',3),
  (68,29,'青椒拌豆干',4),
  (69,30,'猕猴桃',1),
  (70,31,'二米饭',1),
  (71,31,'土豆豆角炖茄子',2),
  (72,31,'老虎菜',3),
  (73,32,'桂圆红枣小米粥',1),
  (74,32,'蘸酱菜',2),
  (75,33,'椒盐花卷',1),
  (76,33,'低脂牛奶',2),
  (77,33,'凉拌藕片',3),
  (78,34,'鸭梨',1),
  (79,35,'二米饭',1),
  (80,35,'小鸡炖蘑菇',2),
  (81,35,'炝炒西葫芦',3),
  (82,36,'无糖酸奶',1),
  (83,37,'玉米饼',1),
  (84,37,'大拌凉皮',2),
  (85,37,'清蒸鲈鱼',3),
  (86,38,'发糕',1),
  (87,38,'豆腐脑',2),
  (88,38,'西芹腐竹',3),
  (89,39,'柚子',1),
  (90,40,'二米饭',1),
  (91,40,'藕王排骨炖苞米',2),
  (92,40,'蘑菇炒白菜',3),
  (93,41,'无糖酸奶',1),
  (94,42,'炸酱面',1),
  (95,42,'昆布豆腐汤',2),
  (96,43,'蒸山药',1),
  (97,43,'低脂牛奶',2),
  (98,43,'茶叶蛋',3),
  (99,43,'芝麻菠菜',4),
  (100,44,'冬枣',1),
  (101,45,'二米饭',1),
  (102,45,'猪肉炖酸菜',2),
  (103,45,'清肺小炒',3),
  (104,46,'红枣发糕',1),
  (105,46,'藜麦沙拉',2),
  (106,47,'杂粮煎饼',1),
  (107,47,'无糖豆浆',2),
  (108,48,'鸭梨',1),
  (109,49,'东北一锅出',1),
  (110,49,'青椒西葫芦',2),
  (111,49,'砂仁芡实鲫鱼汤',3),
  (112,50,'打卤面',1),
  (113,50,'韭菜炒豆芽',2),
  (114,51,'三明治',1),
  (115,51,'低脂牛奶',2),
  (116,51,'什锦蔬菜沙拉',3),
  (117,52,'橙子',1),
  (118,53,'玉米面馒头',1),
  (119,53,'清蒸鲈鱼',2),
  (120,53,'辣炒莴笋丝',3),
  (121,53,'山药香菇汤',4),
  (122,54,'无糖酸奶',1),
  (123,55,'玉米粥',1),
  (124,55,'蒜蓉西兰花',2),
  (125,55,'木耳拌干豆腐',3),
  (126,56,'煮玉米',1),
  (127,56,'杂粮粥',2),
  (128,56,'煮鸡蛋',3),
  (129,56,'凉拌木耳胡萝卜丝',4),
  (130,57,'低脂羊奶',1),
  (131,58,'杂粮饭（大米25g，薏苡仁*25g，紫米25g)',1),
  (132,58,'猪肉白菜豆腐炖粉条',2),
  (133,58,'香菇炒青菜',3),
  (134,59,'橘子',1),
  (135,59,'腰果仁',2),
  (136,60,'清炒芹菜',1),
  (137,60,'羊肉汤',2),
  (138,61,'杂粮花卷',1),
  (139,61,'鸡蛋羹',2),
  (140,61,'小葱拌豆腐',3),
  (141,62,'低脂酸奶',1),
  (142,63,'糙米饭',1),
  (143,63,'红烧牛肉',2),
  (144,63,'芹菜腐竹炒肉',3),
  (145,64,'苹果',1),
  (146,65,'莜麦汤面',1),
  (147,65,'凉拌三丝',2),
  (148,66,'菜包子',1),
  (149,66,'煮鸡蛋',2),
  (150,66,'无糖豆浆',3),
  (151,67,'巴旦木仁',1),
  (152,68,'杂粮馒头',1),
  (153,68,'虾仁菜团子',2),
  (154,68,'素炒油菜腐竹',3),
  (155,68,'卤鸡腿',4),
  (156,69,'苹果',1),
  (157,69,'低脂牛奶',2),
  (158,70,'菠菜肉丝面',1),
  (159,70,'炒豆芽',2),
  (160,71,'烙饼',1),
  (161,71,'煮鸡蛋',2),
  (162,71,'凉拌小菜',3),
  (163,71,'莲子百合羹',4),
  (164,72,'低脂羊奶',1),
  (165,73,'洋芋叉叉',1),
  (166,73,'香菇油菜',2),
  (167,73,'红烧鲫鱼',3),
  (168,74,'西瓜',1),
  (169,74,'葡萄',2),
  (170,75,'杂粮粥',1),
  (171,75,'素炒西兰花',2),
  (172,75,'西葫芦炒肉',3),
  (173,76,'蒸南瓜',1),
  (174,76,'蒸山药',2),
  (175,76,'煮鸡蛋',3),
  (176,76,'低脂牛奶',4),
  (177,77,'板栗仁',1),
  (178,78,'杂粮饭',1),
  (179,78,'凉拌黄瓜豆腐丝',2),
  (180,78,'西兰花炒肉',3),
  (181,78,'红枣枸杞羹',4),
  (182,79,'水蜜桃',1),
  (183,79,'草莓',2),
  (184,80,'西红柿牛肉面',1),
  (185,80,'香菇炒青菜',2),
  (186,81,'杂粮馒头',1),
  (187,81,'煮鸡蛋',2),
  (188,81,'大拌菜',3),
  (189,81,'无糖豆浆',4),
  (190,82,'干核桃仁',1),
  (191,82,'低脂酸奶',2),
  (192,83,'糙米饭',1),
  (193,83,'清炒莴笋豆干',2),
  (194,83,'蒜蓉油麦菜',3),
  (195,83,'清蒸鱼',4),
  (196,83,'菊花茶',5),
  (197,84,'柚子',1),
  (198,84,'木瓜*',2),
  (199,85,'臊子面',1),
  (200,86,'鸡蛋杂粮饼',1),
  (201,86,'红枣桂圆羹',2),
  (202,86,'炒豆芽',3),
  (203,87,'低脂酸奶',1),
  (204,88,'鸡丝豆角炒莜面',1),
  (205,88,'素炒菜花',2),
  (206,88,'凉拌菜',3),
  (207,89,'猕猴桃',1),
  (208,89,'圣女果',2),
  (209,90,'面片汤',1),
  (210,90,'豆腐皮炒茼蒿',2),
  (211,90,'西兰花炒肉',3),
  (212,91,'肉夹馍',1),
  (213,91,'山药粥',2),
  (214,91,'凉拌黄瓜',3),
  (215,92,'榛子仁',1),
  (216,93,'杂粮饭',1),
  (217,93,'豆角烧茄子',2),
  (218,93,'大拌菜',3),
  (219,93,'紫菜蛋花虾皮汤',4),
  (220,94,'甜瓜',1),
  (221,94,'柑橘',2),
  (222,95,'鸡丝豆角米皮',1),
  (223,95,'煮鸡蛋',2),
  (224,95,'低脂羊奶',3),
  (225,96,'八宝粥',1),
  (226,96,'西红柿炒蛋',2),
  (227,97,'南瓜子',1),
  (228,97,'豆奶',2),
  (229,98,'油泼面',1),
  (230,98,'腐竹炒西葫芦',2),
  (231,98,'红烧鸡块',3),
  (232,99,'火龙果',1),
  (233,99,'橙子',2),
  (234,100,'臊子面',1),
  (235,100,'豆干炒西兰花',2),
  (236,100,'蒸南瓜',3),
  (237,101,'锅盔辣子馍',1),
  (238,101,'煮鸡蛋',2),
  (239,101,'清炒豆芽',3),
  (240,101,'豆腐脑',4),
  (241,102,'红李子',1),
  (242,102,'低脂酸奶',2),
  (243,103,'杂粮饼',1),
  (244,103,'冬瓜炖排骨',2),
  (245,103,'芹菜炒香干',3),
  (246,103,'莲子百合羹',4),
  (247,104,'砂糖橘',1),
  (248,105,'羊肉汤面',1),
  (249,105,'炒青菜',2),
  (250,106,'菜包子',1),
  (251,106,'煮鸡蛋',2),
  (252,106,'红薯山药粥',3),
  (253,106,'小葱拌豆腐',4),
  (254,107,'低脂酸奶',1),
  (255,107,'苹果',2),
  (256,108,'杂粮饭',1),
  (257,108,'清蒸虾仁',2),
  (258,108,'羊肉汤',3),
  (259,108,'豆奶',4),
  (260,109,'丰水梨',1),
  (261,110,'肉丝面',1),
  (262,110,'醋熘白菜',2),
  (263,111,'杂粮馒头',1),
  (264,111,'圆白菜炒腐竹',2),
  (265,111,'虾皮紫菜鸡蛋羹',3),
  (266,112,'开心果仁',1),
  (267,112,'低脂羊奶',2),
  (268,113,'羊肉泡馍',1),
  (269,113,'凉拌三丝',2),
  (270,113,'清炒豆芽',3),
  (271,114,'苹果',1),
  (272,114,'香蕉',2),
  (273,115,'葱花饼',1),
  (274,115,'西红柿炖牛腩',2),
  (275,115,'红枣枸杞羹',3),
  (276,116,'山药粉鸡蛋软饼',1),
  (277,116,'桔梗香葱拌春笋',2),
  (278,116,'脱脂牛奶',3),
  (279,116,'黄心猕猴桃',4),
  (280,117,'芡实玉米饭',1),
  (281,117,'肉丝炒仔姜',2),
  (282,117,'蒜蓉炒娃娃菜',3),
  (283,117,'虾皮冬瓜海带汤',4),
  (284,118,'紫薯馒头',1),
  (285,118,'虾仁炒西兰花',2),
  (286,118,'鸡毛菜汆丸子',3),
  (287,119,'荠菜鲜肉馄饨',1),
  (288,119,'牛奶蒸蛋羹',2),
  (289,119,'虾皮拌圆白菜',3),
  (290,120,'紫米饭',1),
  (291,120,'红烧带鱼',2),
  (292,120,'醋烹豆芽',3),
  (293,120,'桃仁香橙酸奶',4),
  (294,121,'猪肉茄丁面',1),
  (295,121,'雪里蕻烧豆腐',2),
  (296,121,'粉蒸蒲公英',3),
  (297,121,'无糖黑豆浆',4),
  (298,122,'菠菜糊塌子',1),
  (299,122,'蒸山药',2),
  (300,122,'香椿炒鸡蛋',3),
  (301,122,'脱脂牛奶',4),
  (302,123,'藜麦赤豆饭',1),
  (303,123,'小白菜汆丸子',2),
  (304,123,'清炒油麦菜',3),
  (305,123,'苹果',4),
  (306,124,'茴香羊肉饺子',1),
  (307,124,'木耳炒油菜',2),
  (308,124,'百合炒西芹',3),
  (309,124,'饺子汤',4),
  (310,125,'香葱鸡蛋软饼',1),
  (311,125,'胡萝卜鲍菇炒青笋',2),
  (312,125,'水果奶昔',3),
  (313,126,'芡实燕麦糙米饭',1),
  (314,126,'肉末豆腐蒸槐花',2),
  (315,126,'蒜蓉拍黄瓜',3),
  (316,126,'虾皮冬瓜紫菜汤',4),
  (317,127,'蒸土豆南瓜',1),
  (318,127,'仔姜桔梗拌西葫芦',2),
  (319,127,'香菇蒸仔鸡',3),
  (320,127,'赤豆薏米水',4),
  (321,128,'马齿苋菜团子',1),
  (322,128,'煮鸡蛋',2),
  (323,128,'脱脂牛奶',3),
  (324,128,'虾皮拌菠菜',4),
  (325,129,'糙米饭',1),
  (326,129,'豉香蒸鲈鱼',2),
  (327,129,'蛤蜊豆腐汤',3),
  (328,129,'桃子',4),
  (329,130,'肉片豆角焖面',1),
  (330,130,'清炒豌豆苗',2),
  (331,130,'凉拌苦瓜',3),
  (332,130,'绿豆汤',4),
  (333,131,'鸡蛋青菜包子',1),
  (334,131,'煮玉米',2),
  (335,131,'银芽海带拌豆腐丝',3),
  (336,131,'脱脂牛奶',4),
  (337,132,'藜麦赤豆饭',1),
  (338,132,'小白菜汆丸子',2),
  (339,132,'蒜蓉炒油麦菜',3),
  (340,132,'苹果',4),
  (341,133,'山药紫米饭',1),
  (342,133,'虾仁香菇炒鸡毛菜',2),
  (343,133,'百合蒸南瓜',3),
  (344,133,'无糖黑豆浆',4),
  (345,134,'奶香馒头',1),
  (346,134,'金针菇炒豆芽',2),
  (347,134,'脱脂牛奶',3),
  (348,135,'芡实紫米饭',1),
  (349,135,'清炒虾仁',2),
  (350,135,'清炒南瓜尖',3),
  (351,135,'枸杞酸奶',4),
  (352,136,'猪肉茴香包子',1),
  (353,136,'小白菜炖豆腐',2),
  (354,136,'凉拌马齿苋',3),
  (355,136,'虾皮萝卜丝汤',4),
  (356,137,'虾皮萝卜丝菜团子',1),
  (357,137,'茶叶蛋',2),
  (358,137,'脱脂牛奶',3),
  (359,137,'鸡肝拌菠菜',4),
  (360,138,'山药蒸米饭',1),
  (361,138,'醋椒鲈鱼',2),
  (362,138,'清炒蒿子秆',3),
  (363,138,'雪梨银耳莲子羹',4),
  (364,139,'金银花卷',1),
  (365,139,'肉末炒茄丝',2),
  (366,139,'木耳炒小白菜',3),
  (367,139,'海米冬瓜紫菜汤',4),
  (368,140,'八宝粥',1),
  (369,140,'桂花蒸山药',2),
  (370,140,'豆浆蒸蛋羹',3),
  (371,140,'尖椒炒豆皮',4),
  (372,141,'二米饭',1),
  (373,141,'酸汤菊花汆鱼片',2),
  (374,141,'蒜蓉炒盖菜',3),
  (375,142,'麻酱黄瓜丝拌面',1),
  (376,142,'韭菜炒八爪鱼',2),
  (377,142,'拍黄瓜',3),
  (378,142,'桃肉酸奶',4),
  (379,143,'桂花山药软饼',1),
  (380,143,'肉丝炒萝卜丝',2),
  (381,143,'脱脂牛奶',3),
  (382,144,'赤豆黄精紫米饭',1),
  (383,144,'彩椒炒鸡丁',2),
  (384,144,'白灼西兰花',3),
  (385,144,'无糖黑豆浆',4),
  (386,145,'西红柿鸡蛋面',1),
  (387,145,'白菜烧豆腐',2),
  (388,145,'粉蒸蒿子秆',3),
  (389,145,'豆芽海带汤',4),
  (390,146,'南瓜窝头',1),
  (391,146,'蒸蛋羹',2),
  (392,146,'脱脂牛奶',3),
  (393,146,'虾皮炒菠菜',4),
  (394,147,'土豆蒸米饭',1),
  (395,147,'豆腐焖草鱼',2),
  (396,147,'无糖黑豆浆',3),
  (397,147,'柚子',4),
  (398,148,'茯苓发糕',1),
  (399,148,'肉末炒黄豆芽',2),
  (400,148,'清炒小白菜',3),
  (401,148,'海米萝卜紫菜汤',4),
  (402,149,'杂粮粥',1),
  (403,149,'蒸铁棍山药',2),
  (404,149,'牛奶蒸蛋羹',3),
  (405,149,'香干炒菠菜',4),
  (406,150,'豆浆蒸杂粮饭',1),
  (407,150,'酸汤汆牛柳',2),
  (408,150,'蒜蓉炒蒿子秆',3),
  (409,150,'橙肉酸奶',4),
  (410,151,'腰豆香芋紫米饭',1),
  (411,151,'萝卜丝汆海虾',2),
  (412,151,'醋溜白菜',3),
  (413,152,'蒸山药+紫薯',1),
  (414,152,'脱脂牛奶',2),
  (415,152,'香菜水炒蛋',3),
  (416,152,'拍黄瓜',4),
  (417,153,'樱桃番茄',1),
  (418,154,'杂粮饭',1),
  (419,154,'蒜香草头',2),
  (420,154,'春笋肉片',3),
  (421,154,'盐水虾',4),
  (422,154,'紫菜汤',5),
  (423,155,'草莓',1),
  (424,156,'燕麦饭',1),
  (425,156,'清炒平菇',2),
  (426,156,'凉拌马兰头',3),
  (427,156,'豆豉蒸鲈鱼',4),
  (428,156,'西红柿汤',5),
  (429,157,'贝果汉堡',1),
  (430,157,'酸奶',2),
  (431,158,'苹果【毛重】',1),
  (432,159,'赤豆小米饭',1),
  (433,159,'清炒水芹菜',2),
  (434,159,'香菇滑鸡',3),
  (435,159,'香拌牛肉（牛肉45g，香菜10g，小米辣3g，生姜*3g，洋葱15g，木',4),
  (436,159,'耳【干】5g）昆布豆腐汤',5),
  (437,160,'火龙果',1),
  (438,161,'杂粮饭',1),
  (439,161,'炒芦笋',2),
  (440,161,'荠菜蘑菇肉片',3),
  (441,161,'菠菜蒸蛋糕',4),
  (442,161,'竹荪黄瓜汤',5),
  (443,162,'杂粮粥',1),
  (444,162,'脱脂牛奶',2),
  (445,162,'水炒蛋',3),
  (446,162,'炒青菜',4),
  (447,163,'桑椹*',1),
  (448,164,'红薯小米饭',1),
  (449,164,'清炒花菜',2),
  (450,164,'茶树菇老鸭',3),
  (451,164,'茄汁鱼片',4),
  (452,164,'平菇汤',5),
  (453,165,'橙子【毛重】',1),
  (454,166,'凉拌荞麦面皮（荞麦面皮【熟】110g，牛腱子肉60g，木耳【干】5g，',1),
  (455,166,'黄瓜100g，金针菇【鲜】30g，绿豆芽25g，桑叶【鲜】*15g）紫菜虾皮汤',2),
  (456,167,'三明治',1),
  (457,167,'脱脂牛奶',2),
  (458,168,'猕猴桃【毛重】',1),
  (459,169,'燕麦黑米饭',1),
  (460,169,'草菇西兰花',2),
  (461,169,'芹菜香干',3),
  (462,169,'彩椒牛里脊',4),
  (463,169,'薏苡仁冬瓜汤',5),
  (464,170,'山竹【毛重】',1),
  (465,171,'小米红薯饭',1),
  (466,171,'蒜泥空心菜',2),
  (467,171,'荷塘月色',3),
  (468,171,'西葫芦肉丝',4),
  (469,171,'丝瓜百合汤',5),
  (470,172,'煮玉米',1),
  (471,172,'低脂牛奶',2),
  (472,172,'煮鸡蛋',3),
  (473,172,'李子【毛重】',4),
  (474,173,'香瓜【毛重】',1),
  (475,174,'燕麦芡实饭',1),
  (476,174,'蒜泥苋菜',2),
  (477,174,'紫苏花蛤',3),
  (478,174,'仔姜炒牛肉',4),
  (479,174,'冬瓜昆布虾汤',5),
  (480,175,'桃子【毛重】',1),
  (481,176,'鸡丝荞麦凉面',1),
  (482,176,'绿豆汤',2),
  (483,177,'全麦刀切',1),
  (484,177,'无糖豆浆',2),
  (485,177,'赤子水煮荷包蛋',3),
  (486,177,'樱桃【毛重】',4),
  (487,178,'猕猴桃【毛重】',1),
  (488,179,'燕麦黑米饭',1),
  (489,179,'蒸秋葵',2),
  (490,179,'鞭笋炒肉',3),
  (491,179,'清蒸小黄鱼',4),
  (492,179,'西湖莼菜牛肉汤',5),
  (493,180,'无花果【毛重】',1),
  (494,181,'黑豆小米饭',1),
  (495,181,'清炒南瓜藤',2),
  (496,181,'苦瓜酿虾滑',3),
  (497,181,'什锦拌鸡丝',4),
  (498,181,'三鲜汤',5),
  (499,182,'馒头',1),
  (500,182,'煮鸡蛋',2),
  (501,182,'桃胶银耳牛奶羹',3),
  (502,183,'鸭梨【毛重】',1),
  (503,184,'黑米饭',1),
  (504,184,'蒜泥木耳菜',2),
  (505,184,'西芹百合虾仁',3),
  (506,184,'葫芦肉片',4),
  (507,184,'西红柿蛋花汤',5),
  (508,185,'杨桃',1),
  (509,186,'板栗饭',1),
  (510,186,'清炒红薯藤叶',2),
  (511,186,'洋葱香芹牛肉丝',3),
  (512,186,'葱油蛏子',4),
  (513,186,'三鲜汤',5),
  (514,187,'肉包',1),
  (515,187,'咸豆花',2),
  (516,187,'煮鸡蛋',3),
  (517,188,'芭乐【毛重】',1),
  (518,189,'燕麦红薯饭',1),
  (519,189,'蒜泥生菜',2),
  (520,189,'圆椒藕带',3),
  (521,189,'盐水河虾',4),
  (522,189,'玉竹老鸭汤',5),
  (523,190,'车厘子【毛重】',1),
  (524,190,'无糖酸奶',2),
  (525,191,'山药米饭',1),
  (526,191,'手撕包心菜',2),
  (527,191,'凉拌素什锦',3),
  (528,191,'西红柿炖牛肉',4),
  (529,191,'竹荪三鲜汤',5),
  (530,192,'青菜鸡蛋荞麦面',1),
  (531,192,'酸奶',2),
  (532,193,'木瓜*',1),
  (533,194,'二米饭',1),
  (534,194,'清炒四季豆',2),
  (535,194,'田园小炒',3),
  (536,194,'清蒸鲳鱼',4),
  (537,194,'西红柿豆腐汤',5),
  (538,195,'橘子【毛重】',1),
  (539,196,'赤小豆饭',1),
  (540,196,'炒油麦菜',2),
  (541,196,'凉拌昆布',3),
  (542,196,'清蒸梭子蟹',4),
  (543,196,'蛤蜊冬瓜排骨汤',5),
  (544,197,'花卷',1),
  (545,197,'豆腐脑',2),
  (546,197,'茶叶蛋',3),
  (547,197,'脱脂牛奶',4),
  (548,198,'凤梨',1),
  (549,199,'藜麦薏米饭',1),
  (550,199,'醋溜辣白菜',2),
  (551,199,'香菇冬笋',3),
  (552,199,'萝卜炖羊肉',4),
  (553,199,'黄瓜紫菜汤',5),
  (554,200,'文旦',1),
  (555,201,'黑米饭',1),
  (556,201,'鸭血豆腐',2),
  (557,201,'蒜苔牛肉',3),
  (558,201,'柠香鸡腿肉',4),
  (559,201,'菠菜蘑菇汤',5),
  (560,202,'冬菜虾仁小馄饨',1),
  (561,202,'无糖酸奶',2),
  (562,203,'金红桃【毛重】',1),
  (563,204,'二米饭',1),
  (564,204,'清炒娃娃菜',2),
  (565,204,'彩椒牛里脊',3),
  (566,204,'紫苏蒸香螺',4),
  (567,204,'赤子千金汤',5),
  (568,205,'橘子【毛重】',1),
  (569,206,'青稞饭',1),
  (570,206,'香菇青菜',2),
  (571,206,'蒜苗炒冬笋',3),
  (572,206,'盐水虾',4),
  (573,206,'鲫鱼豆腐汤',5),
  (574,207,'蒸老南瓜【毛重】',1),
  (575,207,'煮鸡蛋',2),
  (576,207,'燕麦牛奶',3),
  (577,208,'柚子',1),
  (578,209,'糙米土豆饭',1),
  (579,209,'蒜泥茼蒿',2),
  (580,209,'杏鲍菇牛柳',3),
  (581,209,'拌三丝',4),
  (582,209,'黄精虫草花炖鸡',5),
  (583,210,'苹果【毛重】',1),
  (584,211,'赤小豆玉米饭',1),
  (585,211,'清炒杭白菜',2),
  (586,211,'滑口千张',3),
  (587,211,'清蒸大闸蟹',4),
  (588,211,'补气猪心汤',5),
  (589,212,'红薯',1),
  (590,212,'牛奶',2),
  (591,212,'麻油素捆鸡',3),
  (592,212,'木耳荷兰豆',4),
  (593,213,'花生糙米饭',1),
  (594,213,'瘦肉饼蒸蛋',2),
  (595,213,'烫生菜',3),
  (596,213,'枸杞猪肝汤',4),
  (597,214,'猕猴桃',1),
  (598,216,'虾米馄饨',1),
  (599,216,'酸辣白菜',2),
  (600,217,'杂粮米饭',1),
  (601,217,'麻辣豆腐',2),
  (602,217,'干锅花菜',3),
  (603,217,'牛肉冬瓜汤',4),
  (604,218,'低脂牛奶',1),
  (605,219,'杂粮米饭',1),
  (606,219,'辣椒炒鸡肉',2),
  (607,219,'西兰花炒香菇',3),
  (608,219,'山药菌菇汤',4),
  (609,220,'煮玉米',1),
  (610,220,'鸡蛋(50g)苹果(150g)',2),
  (611,221,'红薯紫米饭',1),
  (612,221,'大蒜红椒炒河蚌肉',2),
  (613,221,'韭菜炒圆白菜',3),
  (614,221,'冬虫草炖鸭子',4),
  (615,222,'橘子',1),
  (616,223,'藜麦赤小豆饭',1),
  (617,223,'蒸排骨腐竹',2),
  (618,223,'黄瓜西红柿汤',3),
  (619,223,'红椒荷兰豆',4),
  (620,224,'牛奶枸杞燕麦片粥',1),
  (621,224,'蒸香干',2),
  (622,224,'煸碎豆角',3),
  (623,225,'紫薯香菇干蒸去皮鸡',1),
  (624,225,'大葱柿子椒百叶',2),
  (625,225,'30g）白灼秋葵',3),
  (626,226,'黄桃',1),
  (627,227,'绿豆薏米粥',1),
  (628,227,'焖小黄鱼',2),
  (629,227,'杏鲍菇胡萝卜丝',3),
  (630,227,'拌红薯叶',4),
  (631,228,'低脂奶赤小豆薏米羹',1),
  (632,228,'茶盐鸡蛋',2),
  (633,228,'蒸茄子',3),
  (634,229,'芸豆大米饭',1),
  (635,229,'干香菇蒸去皮鸭',2),
  (636,229,'盐水煮毛豆',3),
  (637,229,'苋菜汤',4),
  (638,230,'桃子',1),
  (639,231,'山药红米饭',1),
  (640,231,'剁椒蒸鱼头',2),
  (641,231,'红椒四季豆猪肉丝',3),
  (642,231,'炒空心菜',4),
  (643,232,'虾仁三明治（全麦吐司50g，土豆泥100g，鲜虾仁50g，牛油果20g，',1),
  (644,232,'酸奶30g，生菜30g）红枣姜茶',2),
  (645,233,'杂粮米饭',1),
  (646,233,'凉拌麻辣鸡丝',2),
  (647,233,'苦瓜炒蛋',3),
  (648,233,'蚝油生菜',4),
  (649,233,'酸菜豆腐汤',5),
  (650,234,'低脂牛奶',1),
  (651,235,'杂粮饭',1),
  (652,235,'剁椒鲢鱼',2),
  (653,235,'酸辣白菜',3),
  (654,235,'银耳莲子汤',4),
  (655,236,'赤小豆莲子',1),
  (656,236,'低脂牛奶',2),
  (657,236,'煮鸡蛋',3),
  (658,236,'炒西兰花',4),
  (659,237,'煮玉米',1),
  (660,237,'韭菜花红椒炒河蚌肉',2),
  (661,237,'五香毛豆',3),
  (662,237,'丝瓜汤',4),
  (663,238,'梨',1),
  (664,239,'青稞绿豆粥',1),
  (665,239,'豆豉辣椒蒸草鱼块',2),
  (666,239,'炒豆角',3),
  (667,239,'清炒木耳菜',4),
  (668,240,'红枣紫米藜麦粥',1),
  (669,240,'低脂牛奶',2),
  (670,240,'茶盐鸡蛋',3),
  (671,240,'云耳炒洋葱',4),
  (672,241,'花豆高粱饭',1),
  (673,241,'红椒茭白兔肉',2),
  (674,241,'西红柿豆腐汤',3),
  (675,241,'拌红薯叶',4),
  (676,242,'苹果',1),
  (677,243,'芋头',1),
  (678,243,'酱椒蒸鱼',2),
  (679,243,'炒豆角',3),
  (680,243,'韭菜豆芽',4),
  (681,244,'牛肉米粉',1),
  (682,245,'杂粮米饭',1),
  (683,245,'西兰花炒虾仁',2),
  (684,245,'爆炒圆白菜',3),
  (685,245,'蒜蓉广东菜心',4),
  (686,245,'鱼头豆腐汤',5),
  (687,246,'低脂牛奶',1),
  (688,247,'蒸南瓜',1),
  (689,247,'生菜卷清蒸千张金针菇',2),
  (690,247,'青菜豆腐鸡蛋汤',3),
  (691,248,'煮玉米',1),
  (692,248,'西红柿',2),
  (693,248,'凉拌海带丝',3),
  (694,248,'鸡蛋',4),
  (695,249,'杂粮米饭',1),
  (696,249,'家常南豆腐',2),
  (697,249,'彩椒大葱鸡胸肉',3),
  (698,249,'炒西兰花',4),
  (699,250,'低脂牛奶',1),
  (700,251,'蒸山药',1),
  (701,251,'清蒸基围虾',2),
  (702,251,'凉拌竹笋',3),
  (703,251,'豆豉煮冬苋菜',4),
  (704,252,'蒸山药',1),
  (705,252,'牛奶',2),
  (706,252,'清炒芥菜',3),
  (707,253,'赤小豆薏米粥',1),
  (708,253,'芹菜炒香干',2),
  (709,253,'清炒萝卜',3),
  (710,253,'当归生姜羊肉汤',4),
  (711,254,'苹果',1),
  (712,255,'芋头红米饭',1),
  (713,255,'剁椒蒸鱼头',2),
  (714,255,'红椒四季豆里脊肉丝',3),
  (715,255,'茼蒿菜',4),
  (716,256,'玉米面饼',1),
  (717,256,'肉末鸡蛋羹',2),
  (718,256,'清炒油麦菜',3),
  (719,256,'无糖豆浆',4),
  (720,257,'杂粮米饭',1),
  (721,257,'剁椒鱼块',2),
  (722,257,'芹菜炒牛柳',3),
  (723,257,'酸菜金针菇',4),
  (724,257,'薏苡仁藕香汤',5),
  (725,258,'低脂牛奶',1),
  (726,259,'杂粮米饭',1),
  (727,259,'虾仁滑蛋',2),
  (728,259,'青椒炒香菇',3),
  (729,259,'冬瓜海带汤',4),
  (730,260,'煮玉米',1),
  (731,260,'脱脂牛奶',2),
  (732,260,'煮鸡蛋',3),
  (733,261,'车厘子',1),
  (734,262,'三鲜米粉',1),
  (735,263,'无糖豆浆',1),
  (736,264,'杂粮米饭',1),
  (737,264,'莴笋炒兔丁',2),
  (738,264,'木瓜拌菜',3),
  (739,265,'红油米线',1),
  (740,265,'无糖豆浆',2),
  (741,265,'煮鸡蛋',3),
  (742,266,'杂粮米饭',1),
  (743,266,'葱香鲫鱼',2),
  (744,266,'青椒茄子',3),
  (745,267,'草莓',1),
  (746,268,'白饼夹肉',1),
  (747,268,'炝炒茼蒿',2),
  (748,269,'三明治',1),
  (749,269,'燕麦酸奶水果碗',2),
  (750,270,'杂粮米饭',1),
  (751,270,'素炒韭菜',2),
  (752,270,'辣子鸡',3),
  (753,271,'素酸辣粉',1),
  (754,271,'卤牛肉',2),
  (755,271,'紫苏拌豆腐',3),
  (756,272,'蒸红薯',1),
  (757,272,'鸡蛋羹',2),
  (758,272,'脱脂牛奶',3),
  (759,273,'李子',1),
  (760,274,'杂粮米饭',1),
  (761,274,'红烧鳝鱼',2),
  (762,274,'水煮时蔬',3),
  (763,275,'土豆泥',1),
  (764,275,'炒空心菜',2),
  (765,275,'竹荪炖鸡',3),
  (766,276,'杂粮馒头',1),
  (767,276,'脱脂牛奶',2),
  (768,277,'红香蕉苹果',1),
  (769,278,'杂粮粥',1),
  (770,278,'黄瓜木耳炒肉片',2),
  (771,278,'炒青椒茄子',3),
  (772,279,'酸辣荞麦面',1),
  (773,279,'耙耙菜',2),
  (774,279,'水煮肉片',3),
  (775,280,'杂粮煎饼',1),
  (776,280,'蒸山药',2),
  (777,280,'无糖酸奶',3),
  (778,281,'李子',1),
  (779,282,'杂粮米饭',1),
  (780,282,'耙耙菜',2),
  (781,282,'泡椒芹菜牛肉丝',3),
  (782,283,'红香蕉苹果',1),
  (783,284,'杂粮米饭',1),
  (784,284,'韭菜炒豆腐干',2),
  (785,284,'葱油手撕鸡',3),
  (786,285,'燕麦粥',1),
  (787,285,'拌芹菜',2),
  (788,285,'煮鸡蛋',3),
  (789,286,'橙子',1),
  (790,287,'杂粮饭',1),
  (791,287,'拌三丝',2),
  (792,287,'椒香蒸鱼',3),
  (793,288,'杂粮饭',1),
  (794,288,'手撕圆白菜',2),
  (795,288,'药膳烧鸡',3),
  (796,289,'燕麦粥',1),
  (797,289,'早餐拌菜',2),
  (798,289,'煮鸡蛋',3),
  (799,290,'杂粮饭',1),
  (800,290,'炒儿菜',2),
  (801,290,'鱼香肉丝',3),
  (802,291,'杂粮饭',1),
  (803,291,'凉拌鱼腥草',2),
  (804,291,'枸杞豆腐鱼',3),
  (805,292,'燕麦粥',1),
  (806,292,'早餐拌菜',2),
  (807,292,'煮鸡蛋',3),
  (808,293,'杂粮饭',1),
  (809,293,'热拌时蔬',2),
  (810,293,'白油肉片',3),
  (811,294,'杂粮饭',1),
  (812,294,'拌菜',2),
  (813,294,'素炒香菇',3),
  (814,294,'紫苏鱼',4),
  (815,295,'荞麦面',1),
  (816,295,'煮鸡蛋',2),
  (817,295,'无糖豆浆',3),
  (818,296,'杂粮饭',1),
  (819,296,'蒜蓉金针菇',2),
  (820,296,'泡椒兔',3),
  (821,297,'杂粮饭',1),
  (822,297,'上汤娃娃菜',2),
  (823,297,'莴笋鸡丁',3),
  (824,298,'杂粮馒头',1),
  (825,298,'早餐拌菜',2),
  (826,298,'蒸蛋羹',3),
  (827,298,'脱脂牛奶',4),
  (828,299,'杂粮饭',1),
  (829,299,'炒西葫芦',2),
  (830,299,'萝卜羊肉汤',3),
  (831,300,'杂粮饭',1),
  (832,300,'蔬菜汤',2),
  (833,300,'青花椒蒸鱼',3),
  (834,300,'蒸茄子',4),
  (835,301,'燕麦粥',1),
  (836,301,'拌芹菜',2),
  (837,301,'煮鸡蛋',3),
  (838,302,'杂粮饭',1),
  (839,302,'水炝炒寒菜',2),
  (840,302,'萝卜半汤鱼',3),
  (841,303,'橙子',1),
  (842,304,'杂粮饭',1),
  (843,304,'烩儿菜',2),
  (844,304,'肉末豆腐',3),
  (845,305,'菠菜鸡蛋汤面',1),
  (846,305,'低脂牛奶',2),
  (847,306,'红薯饭',1),
  (848,306,'胡萝卜炒肉',2),
  (849,306,'炒芥兰',3),
  (850,306,'西红柿豆腐汤',4),
  (851,307,'橙子',1),
  (852,308,'红白饭',1),
  (853,308,'莴苣炒鸡',2),
  (854,308,'水煮白菜',3),
  (855,308,'枳椇子萝卜鲫鱼汤',4),
  (856,309,'鸡蛋肠粉',1),
  (857,309,'低脂牛奶',2),
  (858,310,'米饭',1),
  (859,310,'清蒸鲩鱼',2),
  (860,310,'盐水菜心',3),
  (861,310,'冬瓜豆腐肉丝汤',4),
  (862,311,'苹果',1),
  (863,312,'黄白饭',1),
  (864,312,'水煮油菜',2),
  (865,312,'黑木耳蒸鸡',3),
  (866,312,'青椒炒牛肉',4),
  (867,312,'白扁豆莲子百合汤',5),
  (868,313,'鸡蛋炒面',1),
  (869,313,'低脂牛奶',2),
  (870,314,'米饭',1),
  (871,314,'青瓜炒肉',2),
  (872,314,'绿豆芽炒鸡',3),
  (873,314,'鱼头豆腐汤',4),
  (874,315,'柑',1),
  (875,316,'粗粮饭',1),
  (876,316,'蒸排骨',2),
  (877,316,'韭菜炒牛肉',3),
  (878,316,'郁李仁粥',4),
  (879,317,'鸡蛋炒粿条',1),
  (880,317,'低脂牛奶',2),
  (881,318,'米饭',1),
  (882,318,'炒菜心',2),
  (883,318,'蒸马鲛鱼',3),
  (884,318,'冬瓜海带汤',4),
  (885,319,'火龙果',1),
  (886,320,'杂粮饭',1),
  (887,320,'木耳炒肉',2),
  (888,320,'白灼青菜',3),
  (889,320,'薏米粥',4),
  (890,321,'菜包子',1),
  (891,321,'牛奶冲麦片',2),
  (892,321,'煮鸡蛋',3),
  (893,322,'米饭',1),
  (894,322,'豆角炒鸡丝',2),
  (895,322,'水煮芥菜',3),
  (896,322,'豆腐骨头汤',4),
  (897,323,'橙子',1),
  (898,324,'二米饭',1),
  (899,324,'青瓜炒肉',2),
  (900,324,'清蒸桂花鱼',3),
  (901,324,'蒜蓉炒菜心',4),
  (902,324,'荷叶冬瓜汤',5),
  (903,325,'空心菜蒸河粉',1),
  (904,325,'低脂牛奶',2),
  (905,326,'米饭',1),
  (906,326,'炒苋菜',2),
  (907,326,'佛手瓜炒蛋',3),
  (908,326,'黄骨鱼豆腐汤',4),
  (909,327,'杨桃',1),
  (910,328,'二米饭',1),
  (911,328,'瘦肉炒茄子',2),
  (912,328,'白菜炒鲜菇',3),
  (913,328,'白斩鸡',4),
  (914,328,'决明子昆布绿豆粥',5),
  (915,329,'蒸肠粉',1),
  (916,329,'低脂牛奶',2),
  (917,330,'米饭',1),
  (918,330,'胡萝卜莲藕排骨汤',2),
  (919,330,'清蒸马鲛鱼',3),
  (920,330,'水煮大白菜',4),
  (921,331,'雪梨',1),
  (922,332,'燕麦饭',1),
  (923,332,'水煮红薯叶',2),
  (924,332,'芸豆炒牛肉',3),
  (925,332,'罗汉果霸王花煲猪肺',4),
  (926,333,'白菜肉饺',1),
  (927,333,'低脂牛奶',2),
  (928,334,'米饭',1),
  (929,334,'黄豆芽炒瘦肉',2),
  (930,334,'蒸鹅',3),
  (931,334,'西红柿豆腐汤',4),
  (932,335,'鹰嘴桃',1),
  (933,336,'米饭',1),
  (934,336,'煮玉米',2),
  (935,336,'百合炒鸡',3),
  (936,336,'炒上海青',4),
  (937,336,'蒸鱼',5),
  (938,336,'山楂苹果雪梨煲猪腱',6),
  (939,337,'馒头',1),
  (940,337,'低脂牛奶',2),
  (941,337,'瘦肉汤粉',3),
  (942,338,'米饭',1),
  (943,338,'丝瓜蛋汤',2),
  (944,338,'水煮生菜',3),
  (945,338,'海带鸡汤',4),
  (946,339,'芭乐',1),
  (947,340,'黑白饭',1),
  (948,340,'南瓜蒸牛肉粒',2),
  (949,340,'肉丝炒花菜',3),
  (950,340,'麻仁紫苏籽粥',4),
  (951,341,'切片面包',1),
  (952,341,'燕麦粥',2),
  (953,341,'低脂牛奶',3),
  (954,341,'煮鸡蛋',4),
  (955,342,'米饭',1),
  (956,342,'芋头蒸鸡块',2),
  (957,342,'水煮芥菜',3),
  (958,342,'羊肉萝卜汤',4),
  (959,343,'猕猴桃',1),
  (960,344,'黄白米饭',1),
  (961,344,'炒圆白菜',2),
  (962,344,'牛肉煮冬笋',3),
  (963,344,'麻仁当归瘦肉汤',4),
  (964,345,'花卷',1),
  (965,345,'拌菜心',2),
  (966,345,'低脂牛奶',3),
  (967,345,'煮鸡蛋',4),
  (968,346,'米饭',1),
  (969,346,'冬菇蒸鸡',2),
  (970,346,'水煮西洋菜',3),
  (971,346,'萝卜豆腐汤',4),
  (972,347,'沙田柚',1),
  (973,348,'二米饭',1),
  (974,348,'荷兰豆炒肉末',2),
  (975,348,'甘蓝煮鱼',3),
  (976,348,'莱菔子桃仁杏仁骨头汤',4),
  (977,349,'蛋肠',1),
  (978,349,'低脂牛奶',2),
  (979,350,'糙米饭',1),
  (980,350,'鲜虾焖冬笋',2),
  (981,350,'水煮奶白菜',3),
  (982,350,'枸杞叶豆腐汤',4),
  (983,351,'苹果',1),
  (984,352,'羊肉煲仔饭',1),
  (985,352,'上汤茼蒿',2),
  (986,352,'西兰花炒鸡丝',3),
  (987,352,'白茅根瘦肉汤',4);

INSERT INTO ingredients (id,dish_id,name,amount,unit,state,is_medicinal,sort_order) VALUES
  (1,1,'面粉',50.0,'g',NULL,0,1),
  (2,2,'鸡蛋',50.0,'g',NULL,0,1),
  (4,4,'菠菜',100.0,'g',NULL,0,1),
  (6,6,'大米',30.0,'g',NULL,0,1),
  (7,6,'小米',20.0,'g',NULL,0,2),
  (8,7,'草鱼',50.0,'g',NULL,0,1),
  (9,7,'北豆腐',50.0,'g',NULL,0,2),
  (10,7,'白菜',100.0,'g',NULL,0,3),
  (11,7,'黄芪',5.0,'g',NULL,1,4),
  (12,7,'八角茴香',3.0,'g',NULL,1,5),
  (13,8,'生菜',100.0,'g',NULL,0,1),
  (14,8,'大米',30.0,'g',NULL,0,2),
  (15,8,'小米',20.0,'g',NULL,0,3),
  (16,8,'猪里脊肉',50.0,'g',NULL,0,4),
  (17,8,'土豆',30.0,'g',NULL,0,5),
  (18,9,'西兰花',100.0,'g',NULL,0,1),
  (19,9,'白萝卜',30.0,'g',NULL,0,2),
  (20,9,'虾皮',10.0,'g',NULL,0,3),
  (21,10,'玉米面粉',30.0,'g',NULL,0,1),
  (22,10,'面粉',20.0,'g',NULL,0,2),
  (23,11,'鸡蛋',50.0,'g',NULL,0,1),
  (25,13,'芹菜',100.0,'g',NULL,0,1),
  (27,15,'大米',30.0,'g',NULL,0,1),
  (28,15,'小米',20.0,'g',NULL,0,2),
  (29,16,'猪里脊肉',50.0,'g',NULL,0,1),
  (30,16,'蒜苔',100.0,'g',NULL,0,2),
  (31,17,'尖椒',50.0,'g',NULL,0,1),
  (32,17,'土豆',50.0,'g',NULL,0,2),
  (33,18,'决明子',10.0,'g',NULL,1,1),
  (34,18,'海带',50.0,'g','水发',0,2),
  (35,18,'南豆腐',50.0,'g',NULL,0,3),
  (37,20,'荞麦面粉',30.0,'g',NULL,0,1),
  (38,20,'面粉',20.0,'g',NULL,0,2),
  (39,20,'羊瘦肉',50.0,'g',NULL,0,3),
  (40,20,'土豆',50.0,'g',NULL,0,4),
  (41,20,'香菇',50.0,'g','鲜',0,5),
  (42,21,'油麦菜',100.0,'g',NULL,0,1),
  (43,22,'绿豆',10.0,'g',NULL,0,1),
  (44,22,'糙米',10.0,'g',NULL,0,2),
  (45,22,'大米',30.0,'g',NULL,0,3),
  (46,22,'小米',20.0,'g',NULL,0,4),
  (47,23,'鸡蛋',50.0,'g',NULL,0,1),
  (48,24,'海带',50.0,'g','水发',0,1),
  (50,26,'大米',50.0,'g',NULL,0,1),
  (51,26,'小米',20.0,'g',NULL,0,2),
  (52,27,'当归',6.0,'g',NULL,1,1),
  (53,27,'羊瘦肉',100.0,'g',NULL,0,2),
  (54,27,'白萝卜',100.0,'g',NULL,0,3),
  (55,28,'绿豆芽',100.0,'g',NULL,0,1),
  (56,28,'韭菜',100.0,'g',NULL,0,2),
  (58,30,'黄芪',3.0,'g',NULL,1,1),
  (59,30,'茯苓',10.0,'g',NULL,1,2),
  (60,30,'大米',70.0,'g',NULL,0,3),
  (61,31,'猪里脊肉',80.0,'g',NULL,0,1),
  (62,31,'香菇',50.0,'g','鲜',0,2),
  (63,31,'油菜',100.0,'g',NULL,0,3),
  (64,32,'玉米面粉',20.0,'g',NULL,0,1),
  (65,32,'小米面',20.0,'g',NULL,0,2),
  (66,32,'鸡蛋',20.0,'g',NULL,0,3),
  (67,32,'低脂牛奶',50.0,'mL',NULL,0,4),
  (68,33,'鸡蛋',50.0,'g',NULL,0,1),
  (69,34,'小葱',20.0,'g',NULL,0,1),
  (70,34,'豆腐',50.0,'g',NULL,0,2),
  (72,36,'莜麦面粉',50.0,'g',NULL,0,1),
  (73,37,'羊肉',50.0,'g',NULL,0,1),
  (74,37,'土豆',100.0,'g',NULL,0,2),
  (75,37,'香菇',50.0,'g','鲜',0,3),
  (76,38,'茼蒿',100.0,'g',NULL,0,1),
  (77,39,'紫苏叶',10.0,'g',NULL,1,1),
  (78,40,'绿豆',10.0,'g',NULL,0,1),
  (79,40,'黑豆',10.0,'g',NULL,0,2),
  (80,40,'赤小豆',10.0,'g',NULL,1,3),
  (81,40,'薏苡仁',10.0,'g',NULL,1,4),
  (82,40,'大米',20.0,'g',NULL,0,5),
  (83,41,'苦菜',100.0,'g',NULL,0,1),
  (84,42,'蒜苔',100.0,'g',NULL,0,1),
  (85,42,'猪里脊肉',50.0,'g',NULL,0,2),
  (86,43,'玉米',150.0,'g','带棒',0,1),
  (88,45,'鸡蛋',50.0,'g',NULL,0,1),
  (89,46,'西兰花',100.0,'g',NULL,0,1),
  (90,46,'木耳',20.0,'g','水发',0,2),
  (92,48,'面粉',100.0,'g',NULL,0,1),
  (93,48,'沙葱',100.0,'g',NULL,0,2),
  (94,48,'猪里脊肉',50.0,'g',NULL,0,3),
  (95,49,'秋葵',100.0,'g',NULL,0,1),
  (96,50,'桑椹',10.0,'g','干',1,1),
  (97,50,'枸杞子',10.0,'颗',NULL,1,2),
  (98,50,'玫瑰5 朵',NULL,NULL,'干',0,3),
  (99,51,'大米',50.0,'g',NULL,0,1),
  (100,51,'百合',10.0,'g','干',1,2),
  (101,51,'莲子',15.0,'g',NULL,1,3),
  (102,51,'枸杞子',10.0,'颗',NULL,1,4),
  (103,52,'茄子',100.0,'g',NULL,0,1),
  (105,54,'面粉',60.0,'g',NULL,0,1),
  (106,54,'西兰花',100.0,'g',NULL,0,2),
  (107,54,'鸡蛋',30.0,'g',NULL,0,3),
  (108,55,'低脂牛奶',250.0,'mL',NULL,0,1),
  (109,55,'燕麦片',50.0,'g',NULL,0,2),
  (110,56,'洋葱',50.0,'g',NULL,0,1),
  (111,56,'海带',50.0,'g','水发',0,2),
  (113,58,'大米',30.0,'g',NULL,0,1),
  (114,58,'小米',20.0,'g',NULL,0,2),
  (115,59,'尖椒',100.0,'g',NULL,0,1),
  (116,59,'猪里脊肉',30.0,'g',NULL,0,2),
  (117,60,'白玉菇',50.0,'g',NULL,0,1),
  (118,60,'木耳',20.0,'g','水发',0,2),
  (119,60,'芹菜',50.0,'g',NULL,0,3),
  (120,61,'牛肉',30.0,'g',NULL,0,1),
  (121,61,'西红柿',50.0,'g',NULL,0,2),
  (122,61,'白萝卜',100.0,'g',NULL,0,3),
  (123,61,'生姜',10.0,'g',NULL,1,4),
  (124,61,'黄芪',5.0,'g',NULL,1,5),
  (126,63,'面粉',100.0,'g',NULL,0,1),
  (127,63,'鸡胸肉',50.0,'g',NULL,0,2),
  (128,63,'黄瓜',50.0,'g',NULL,0,3),
  (129,63,'芝麻酱',10.0,'g',NULL,0,4),
  (130,64,'豆角',100.0,'g',NULL,0,1),
  (131,65,'南瓜',150.0,'g',NULL,0,1),
  (133,67,'鸡蛋',50.0,'g',NULL,0,1),
  (134,68,'柿子椒',50.0,'g',NULL,0,1),
  (135,68,'豆腐干',50.0,'g',NULL,0,2),
  (137,70,'大米',30.0,'g',NULL,0,1),
  (138,70,'小米',20.0,'g',NULL,0,2),
  (139,71,'土豆',50.0,'g',NULL,0,1),
  (140,71,'豆角',100.0,'g',NULL,0,2),
  (141,71,'茄子',100.0,'g',NULL,0,3),
  (142,71,'猪里脊肉',50.0,'g',NULL,0,4),
  (143,72,'尖椒',50.0,'g',NULL,0,1),
  (144,72,'大葱',30.0,'g',NULL,0,2),
  (145,72,'香菜',50.0,'g',NULL,0,3),
  (146,73,'桂圆',10.0,'g','干',1,1),
  (147,73,'大枣',10.0,'g',NULL,1,2),
  (148,73,'鲜山药',50.0,'g',NULL,1,3),
  (149,73,'小米',40.0,'g',NULL,0,4),
  (150,74,'小葱',50.0,'g',NULL,0,1),
  (151,74,'水萝卜',50.0,'g',NULL,0,2),
  (152,74,'胡萝卜',50.0,'g',NULL,0,3),
  (153,74,'苦苣',100.0,'g',NULL,0,4),
  (154,74,'豆腐皮',50.0,'g',NULL,0,5),
  (155,75,'面粉',50.0,'g',NULL,0,1),
  (156,75,'花椒',5.0,'g',NULL,1,2),
  (158,77,'藕片',50.0,'g',NULL,0,1),
  (160,79,'大米',30.0,'g',NULL,0,1),
  (161,79,'小米',20.0,'g',NULL,0,2),
  (162,80,'鸡肉',50.0,'g',NULL,0,1),
  (163,80,'红菇',20.0,'g','干',0,2),
  (164,80,'生姜',10.0,'g',NULL,1,3),
  (165,81,'西葫芦',100.0,'g',NULL,0,1),
  (167,83,'玉米面粉',50.0,'g',NULL,0,1),
  (168,84,'面皮',50.0,'g',NULL,0,1),
  (169,84,'黄瓜',50.0,'g',NULL,0,2),
  (170,84,'胡萝卜',50.0,'g',NULL,0,3),
  (171,85,'鲈鱼',50.0,'g',NULL,0,1),
  (172,86,'玉米面粉',30.0,'g',NULL,0,1),
  (173,86,'面粉',50.0,'g',NULL,0,2),
  (175,88,'西芹',50.0,'g',NULL,0,1),
  (176,88,'腐竹',30.0,'g','水发',0,2),
  (178,90,'大米',30.0,'g',NULL,0,1),
  (179,90,'小米',20.0,'g',NULL,0,2),
  (180,91,'猪排骨',70.0,'g','带骨',0,1),
  (181,91,'玉米',100.0,'g','带棒',0,2),
  (182,91,'藕片',50.0,'g',NULL,0,3),
  (183,91,'大枣',2.0,'颗',NULL,1,4),
  (184,92,'白菜',100.0,'g',NULL,0,1),
  (185,92,'鲜蘑',50.0,'g',NULL,0,2),
  (187,94,'面粉',80.0,'g',NULL,0,1),
  (188,94,'胡萝卜',50.0,'g',NULL,0,2),
  (189,94,'西红柿',50.0,'g',NULL,0,3),
  (190,94,'黄瓜',50.0,'g',NULL,0,4),
  (191,94,'黄豆芽',50.0,'g',NULL,0,5),
  (192,95,'昆布',10.0,'g','干',1,1),
  (193,96,'鲜山药',50.0,'g',NULL,1,1),
  (195,98,'鸡蛋',50.0,'g',NULL,0,1),
  (196,99,'菠菜',50.0,'g',NULL,0,1),
  (197,99,'白芝麻',10.0,'g',NULL,0,2),
  (199,101,'大米',30.0,'g',NULL,0,1),
  (200,101,'小米',20.0,'g',NULL,0,2),
  (201,102,'猪里脊肉',50.0,'g',NULL,0,1),
  (202,102,'酸菜',100.0,'g',NULL,0,2),
  (203,103,'土豆',50.0,'g',NULL,0,1),
  (204,103,'尖椒',50.0,'g',NULL,0,2),
  (205,103,'木耳',50.0,'g','水发',0,3),
  (206,103,'胡萝卜',50.0,'g',NULL,0,4),
  (207,104,'全麦面粉',50.0,'g',NULL,0,1),
  (208,104,'大枣',2.0,'颗',NULL,1,2),
  (209,105,'藜麦',20.0,'g',NULL,0,1),
  (210,105,'生菜',50.0,'g',NULL,0,2),
  (211,105,'苦苣',50.0,'g',NULL,0,3),
  (212,105,'紫甘蓝',50.0,'g',NULL,0,4),
  (213,105,'鲜虾仁',50.0,'g',NULL,0,5),
  (214,106,'面粉',30.0,'g',NULL,0,1),
  (215,106,'荞麦面粉',20.0,'g',NULL,0,2),
  (216,106,'鸡蛋',50.0,'g',NULL,0,3),
  (217,106,'生菜',50.0,'g',NULL,0,4),
  (220,109,'全麦面粉',50.0,'g',NULL,0,1),
  (221,109,'玉米',50.0,'g','带棒',0,2),
  (222,109,'豆角',50.0,'g',NULL,0,3),
  (223,109,'茄子',50.0,'g',NULL,0,4),
  (224,109,'白菜',50.0,'g',NULL,0,5),
  (225,109,'猪里脊肉',50.0,'g',NULL,0,6),
  (226,110,'西葫芦',50.0,'g',NULL,0,1),
  (227,110,'柿子椒',100.0,'g',NULL,0,2),
  (228,111,'砂仁',6.0,'g',NULL,1,1),
  (229,111,'芡实',5.0,'g',NULL,1,2),
  (230,111,'莲子【去芯',NULL,NULL,NULL,0,3),
  (231,111,'干】',15.0,'g',NULL,1,4),
  (232,111,'鲫鱼',50.0,'g',NULL,0,5),
  (233,112,'面粉',50.0,'g',NULL,0,1),
  (234,112,'黄瓜',50.0,'g',NULL,0,2),
  (235,112,'黄花菜',50.0,'g','水发',0,3),
  (236,112,'木耳',50.0,'g','水发',0,4),
  (237,112,'土豆',50.0,'g',NULL,0,5),
  (238,113,'黄豆芽',100.0,'g',NULL,0,1),
  (239,113,'韭菜',50.0,'g',NULL,0,2),
  (240,114,'全麦面包',100.0,'g',NULL,0,1),
  (241,114,'煮鸡蛋',50.0,'g',NULL,0,2),
  (242,114,'生菜',50.0,'g',NULL,0,3),
  (244,116,'洋葱',50.0,'g',NULL,0,1),
  (245,116,'生菜',50.0,'g',NULL,0,2),
  (246,116,'柿子椒',50.0,'g',NULL,0,3),
  (247,116,'紫菜头',50.0,'g',NULL,0,4),
  (248,116,'黄瓜',50.0,'g',NULL,0,5),
  (250,118,'玉米面粉',30.0,'g',NULL,0,1),
  (251,118,'面粉',30.0,'g',NULL,0,2),
  (252,119,'鲈鱼',100.0,'g',NULL,0,1),
  (253,120,'莴笋',100.0,'g',NULL,0,1),
  (254,120,'尖椒',50.0,'g',NULL,0,2),
  (255,121,'鲜山药',50.0,'g',NULL,1,1),
  (256,121,'西红柿',50.0,'g',NULL,0,2),
  (257,121,'香菇',30.0,'g','鲜',0,3),
  (259,123,'大米',20.0,'g',NULL,0,1),
  (260,123,'玉米粒',50.0,'g','鲜',0,2),
  (261,124,'西兰花',100.0,'g',NULL,0,1),
  (262,125,'木耳',50.0,'g','水发',0,1),
  (263,125,'干豆腐',50.0,'g',NULL,0,2),
  (264,126,'玉米',200.0,'g','带棒',0,1),
  (265,127,'赤小豆',10.0,'g',NULL,1,1),
  (266,127,'小米',10.0,'g',NULL,0,2),
  (267,127,'大米',10.0,'g',NULL,0,3),
  (268,128,'鸡蛋',50.0,'g',NULL,0,1),
  (269,129,'胡萝卜',100.0,'g',NULL,0,1),
  (270,129,'木耳',10.0,'g','干',0,2),
  (272,132,'粉条',25.0,'g','干',0,1),
  (273,132,'北豆腐',50.0,'g',NULL,0,2),
  (274,132,'猪后腿肉',35.0,'g',NULL,0,3),
  (275,132,'白菜',200.0,'g',NULL,0,4),
  (276,133,'小青菜',100.0,'g',NULL,0,1),
  (277,133,'香菇',20.0,'g','鲜',0,2),
  (280,136,'芹菜',100.0,'g',NULL,0,1),
  (281,137,'羊瘦肉',25.0,'g',NULL,0,1),
  (282,137,'面粉',15.0,'g',NULL,0,2),
  (283,137,'小葱',5.0,'g',NULL,0,3),
  (284,137,'生姜',2.0,'g',NULL,1,4),
  (285,137,'花椒',1.0,'g',NULL,1,5),
  (286,138,'面粉',25.0,'g',NULL,0,1),
  (287,138,'玉米面粉',25.0,'g',NULL,0,2),
  (288,139,'鸡蛋',50.0,'g',NULL,0,1),
  (289,140,'嫩豆腐',50.0,'g',NULL,0,1),
  (290,140,'香葱',20.0,'g',NULL,0,2),
  (292,142,'糙米',35.0,'g',NULL,0,1),
  (293,142,'大米',40.0,'g',NULL,0,2),
  (294,143,'牛瘦肉',60.0,'g',NULL,0,1),
  (295,143,'胡萝卜',100.0,'g',NULL,0,2),
  (296,143,'土豆',100.0,'g',NULL,0,3),
  (297,143,'生姜',2.0,'g',NULL,1,4),
  (298,144,'芹菜',100.0,'g',NULL,0,1),
  (299,144,'腐竹',20.0,'g','干',0,2),
  (300,144,'猪瘦肉',50.0,'g',NULL,0,3),
  (302,146,'莜麦面粉',50.0,'g',NULL,0,1),
  (303,147,'胡萝卜',100.0,'g',NULL,0,1),
  (304,147,'海带丝',10.0,'g','湿',0,2),
  (305,147,'豆腐皮',30.0,'g','干',0,3),
  (306,148,'面粉',50.0,'g',NULL,0,1),
  (307,148,'莲花白',50.0,'g',NULL,0,2),
  (308,148,'柿子椒',50.0,'g',NULL,0,3),
  (309,149,'鸡蛋',50.0,'g',NULL,0,1),
  (312,152,'面粉',35.0,'g',NULL,0,1),
  (313,152,'玉米面粉',40.0,'g',NULL,0,2),
  (314,153,'小青菜',100.0,'g',NULL,0,1),
  (315,153,'冻虾仁',75.0,'g',NULL,0,2),
  (316,154,'油菜',100.0,'g',NULL,0,1),
  (317,154,'腐竹',40.0,'g','干',0,2),
  (318,155,'去皮鸡腿',25.0,'g',NULL,0,1),
  (319,155,'生姜',5.0,'g',NULL,1,2),
  (320,155,'橘皮',5.0,'g',NULL,1,3),
  (321,155,'肉桂',5.0,'g',NULL,1,4),
  (324,158,'菠菜',100.0,'g',NULL,0,1),
  (325,158,'荞麦面粉',25.0,'g',NULL,0,2),
  (326,158,'猪瘦肉',25.0,'g',NULL,0,3),
  (327,159,'黄豆芽',100.0,'g',NULL,0,1),
  (328,160,'面粉',50.0,'g',NULL,0,1),
  (329,161,'鸡蛋',50.0,'g',NULL,0,1),
  (330,162,'胡萝卜丝',50.0,'g',NULL,0,1),
  (331,162,'紫甘蓝',50.0,'g',NULL,0,2),
  (332,162,'绿豆芽',50.0,'g',NULL,0,3),
  (333,163,'莲子【去芯',NULL,NULL,NULL,1,1),
  (334,163,'干】',10.0,'g',NULL,0,2),
  (335,163,'百合',10.0,'g','干',1,3),
  (337,165,'面粉',50.0,'g',NULL,0,1),
  (338,165,'土豆',100.0,'g',NULL,0,2),
  (339,166,'油菜',100.0,'g',NULL,0,1),
  (340,166,'香菇',20.0,'g','鲜',0,2),
  (341,167,'鲫鱼',60.0,'g',NULL,0,1),
  (342,167,'豆豉',20.0,'g',NULL,0,2),
  (345,170,'赤小豆等杂豆',10.0,'g',NULL,1,1),
  (346,170,'小米',10.0,'g',NULL,0,2),
  (347,170,'大米',10.0,'g',NULL,0,3),
  (348,171,'西兰花',100.0,'g',NULL,0,1),
  (349,171,'胡萝卜',50.0,'g',NULL,0,2),
  (350,171,'木耳',10.0,'g','干',0,3),
  (351,172,'西葫芦',100.0,'g',NULL,0,1),
  (352,172,'猪瘦肉',50.0,'g',NULL,0,2),
  (353,173,'南瓜',200.0,'g',NULL,0,1),
  (354,174,'鲜山药',50.0,'g',NULL,1,1),
  (355,175,'鸡蛋',50.0,'g',NULL,0,1),
  (358,178,'大米',25.0,'g',NULL,0,1),
  (359,178,'薏苡仁',20.0,'g',NULL,1,2),
  (360,178,'紫米',20.0,'g',NULL,0,3),
  (361,179,'黄瓜',100.0,'g',NULL,0,1),
  (362,179,'豆腐丝',50.0,'g',NULL,0,2),
  (363,180,'西兰花',100.0,'g',NULL,0,1),
  (364,180,'猪瘦肉',50.0,'g',NULL,0,2),
  (365,181,'大枣',20.0,'g','干',1,1),
  (366,181,'枸杞子',10.0,'g',NULL,1,2),
  (369,184,'面粉',50.0,'g',NULL,0,1),
  (370,184,'西红柿',100.0,'g',NULL,0,2),
  (371,184,'牛瘦肉',50.0,'g',NULL,0,3),
  (372,185,'小青菜',100.0,'g',NULL,0,1),
  (373,185,'香菇',20.0,'g','鲜',0,2),
  (374,186,'面粉',35.0,'g',NULL,0,1),
  (375,186,'玉米面粉',20.0,'g',NULL,0,2),
  (376,187,'鸡蛋',50.0,'g',NULL,0,1),
  (377,188,'紫甘蓝',50.0,'g',NULL,0,1),
  (378,188,'胡萝卜',50.0,'g',NULL,0,2),
  (379,188,'黄瓜',50.0,'g',NULL,0,3),
  (383,192,'糙米',50.0,'g',NULL,0,1),
  (384,192,'紫米',25.0,'g',NULL,0,2),
  (385,193,'莴笋',100.0,'g',NULL,0,1),
  (386,193,'豆腐干',75.0,'g',NULL,0,2),
  (387,194,'油麦菜',100.0,'g',NULL,0,1),
  (388,195,'鲈鱼',80.0,'g',NULL,0,1),
  (389,196,'菊花',5.0,'g',NULL,1,1),
  (392,199,'面粉',75.0,'g',NULL,0,1),
  (393,199,'牛瘦肉',50.0,'g',NULL,0,2),
  (394,199,'香菇',20.0,'g','鲜',0,3),
  (395,199,'豆腐',50.0,'g',NULL,0,4),
  (396,199,'木耳',5.0,'g','干',0,5),
  (397,199,'油菜',10.0,'g',NULL,0,6),
  (398,200,'面粉',25.0,'g',NULL,0,1),
  (399,200,'玉米面粉',25.0,'g',NULL,0,2),
  (400,200,'鸡蛋',50.0,'g',NULL,0,3),
  (401,200,'葱花',10.0,'g',NULL,0,4),
  (402,201,'大枣',25.0,'g','干',1,1),
  (403,201,'桂圆',25.0,'g','干',1,2),
  (404,202,'黄豆芽',100.0,'g',NULL,0,1),
  (406,204,'莜麦面粉',75.0,'g',NULL,0,1),
  (407,204,'豆角',50.0,'g',NULL,0,2),
  (408,204,'鸡胸肉',50.0,'g',NULL,0,3),
  (409,205,'菜花',100.0,'g',NULL,0,1),
  (410,206,'生菜',50.0,'g',NULL,0,1),
  (411,206,'黄瓜',50.0,'g',NULL,0,2),
  (414,209,'面粉',25.0,'g',NULL,0,1),
  (415,210,'茼蒿',50.0,'g',NULL,0,1),
  (416,210,'豆皮',50.0,'g','干',0,2),
  (417,211,'西兰花',100.0,'g',NULL,0,1),
  (418,211,'猪瘦肉',50.0,'g',NULL,0,2),
  (419,212,'面粉',25.0,'g',NULL,0,1),
  (420,212,'猪瘦肉',50.0,'g',NULL,0,2),
  (421,213,'鲜山药',50.0,'g',NULL,1,1),
  (422,213,'大米',25.0,'g',NULL,0,2),
  (423,214,'黄瓜',100.0,'g',NULL,0,1),
  (425,216,'大米',45.0,'g',NULL,0,1),
  (426,216,'玉米糁',45.0,'g',NULL,0,2),
  (427,217,'豇豆',50.0,'g',NULL,0,1),
  (428,217,'土豆',30.0,'g',NULL,0,2),
  (429,217,'茄子',50.0,'g',NULL,0,3),
  (430,218,'紫甘蓝',60.0,'g',NULL,0,1),
  (431,218,'胡萝卜',20.0,'g',NULL,0,2),
  (432,218,'黄瓜',20.0,'g',NULL,0,3),
  (433,218,'嫩豆腐',100.0,'g',NULL,0,4),
  (434,219,'小青菜',50.0,'g',NULL,0,1),
  (435,219,'鸡蛋',10.0,'g',NULL,0,2),
  (436,219,'紫菜',5.0,'g','干',0,3),
  (437,219,'虾皮',2.0,'g','干',0,4),
  (440,222,'鸡胸肉',50.0,'g',NULL,0,1),
  (441,222,'豆角',50.0,'g',NULL,0,2),
  (442,222,'米粉',50.0,'g',NULL,0,3),
  (443,223,'鸡蛋',50.0,'g',NULL,0,1),
  (445,225,'赤小豆',5.0,'g',NULL,1,1),
  (446,225,'白扁豆',5.0,'g',NULL,1,2),
  (447,225,'绿豆',5.0,'g',NULL,0,3),
  (448,225,'芸豆',5.0,'g',NULL,0,4),
  (449,225,'小米',10.0,'g',NULL,0,5),
  (450,225,'大米',25.0,'g',NULL,0,6),
  (451,226,'鸡蛋',50.0,'g',NULL,0,1),
  (452,226,'西红柿',100.0,'g',NULL,0,2),
  (454,228,'大豆粉',25.0,'g',NULL,0,1),
  (455,229,'面粉',90.0,'g',NULL,0,1),
  (456,229,'油辣子',2.0,'g',NULL,0,2),
  (457,230,'西葫芦',100.0,'g',NULL,0,1),
  (458,230,'腐竹',20.0,'g','干',0,2),
  (459,231,'鸡胸肉',50.0,'g',NULL,0,1),
  (460,231,'胡萝卜',100.0,'g',NULL,0,2),
  (461,231,'土豆',20.0,'g',NULL,0,3),
  (464,234,'面粉',75.0,'g',NULL,0,1),
  (465,234,'羊瘦肉',50.0,'g',NULL,0,2),
  (466,234,'香菇',20.0,'g','鲜',0,3),
  (467,234,'豆腐',25.0,'g',NULL,0,4),
  (468,234,'木耳',5.0,'g','干',0,5),
  (469,234,'油菜',50.0,'g',NULL,0,6),
  (470,235,'西兰花',100.0,'g',NULL,0,1),
  (471,235,'豆腐干',50.0,'g',NULL,0,2),
  (472,236,'南瓜',200.0,'g',NULL,0,1),
  (473,237,'面粉',25.0,'g',NULL,0,1),
  (474,237,'油辣子',2.0,'g',NULL,0,2),
  (475,238,'鸡蛋',50.0,'g',NULL,0,1),
  (476,239,'黄豆芽',100.0,'g',NULL,0,1),
  (477,240,'豆腐',100.0,'g',NULL,0,1),
  (480,243,'面粉',50.0,'g',NULL,0,1),
  (481,243,'玉米面粉',25.0,'g',NULL,0,2),
  (482,244,'冬瓜',100.0,'g',NULL,0,1),
  (483,244,'猪排骨',80.0,'g','带骨',0,2),
  (484,245,'芹菜',100.0,'g',NULL,0,1),
  (485,245,'豆腐干',50.0,'g',NULL,0,2),
  (486,246,'百合',20.0,'g','干',1,1),
  (487,246,'莲子【去芯',NULL,NULL,NULL,0,2),
  (488,246,'干】',10.0,'g',NULL,1,3),
  (490,248,'面粉',50.0,'g',NULL,0,1),
  (491,248,'羊肉',25.0,'g',NULL,0,2),
  (492,248,'土豆',30.0,'g',NULL,0,3),
  (493,248,'胡萝卜',50.0,'g',NULL,0,4),
  (494,248,'西红柿',20.0,'g',NULL,0,5),
  (495,248,'小白菜',30.0,'g',NULL,0,6),
  (496,249,'小油菜',100.0,'g',NULL,0,1),
  (497,250,'面粉',25.0,'g',NULL,0,1),
  (498,250,'雪菜',50.0,'g','干',0,2),
  (499,250,'茄子',50.0,'g',NULL,0,3),
  (500,251,'鸡蛋',50.0,'g',NULL,0,1),
  (501,252,'红薯',50.0,'g',NULL,0,1),
  (502,252,'鲜山药',20.0,'g',NULL,1,2),
  (503,252,'大米',25.0,'g',NULL,0,3),
  (504,253,'嫩豆腐',50.0,'g',NULL,0,1),
  (505,253,'香葱',20.0,'g',NULL,0,2),
  (508,256,'大米',25.0,'g',NULL,0,1),
  (509,256,'薏苡仁',25.0,'g',NULL,1,2),
  (510,256,'紫米',25.0,'g',NULL,0,3),
  (511,257,'冻虾仁',70.0,'g',NULL,0,1),
  (512,258,'西葫芦',100.0,'g',NULL,0,1),
  (513,258,'胡萝卜',100.0,'g',NULL,0,2),
  (514,258,'羊瘦肉',25.0,'g',NULL,0,3),
  (515,258,'小茴香',2.0,'g',NULL,1,4),
  (516,258,'肉桂',5.0,'g',NULL,1,5),
  (517,259,'大豆粉',20.0,'g',NULL,0,1),
  (519,261,'面粉',50.0,'g',NULL,0,1),
  (520,261,'油菜',100.0,'g',NULL,0,2),
  (521,261,'猪瘦肉',25.0,'g',NULL,0,3),
  (522,262,'白菜',100.0,'g',NULL,0,1),
  (523,263,'面粉',40.0,'g',NULL,0,1),
  (524,263,'玉米面粉',25.0,'g',NULL,0,2),
  (525,264,'圆白菜',100.0,'g',NULL,0,1),
  (526,264,'腐竹',20.0,'g','干',0,2),
  (527,265,'虾皮',10.0,'g','干',0,1),
  (528,265,'紫菜',5.0,'g','干',0,2),
  (529,265,'鸡蛋',50.0,'g',NULL,0,3),
  (532,268,'羊瘦肉',50.0,'g',NULL,0,1),
  (533,268,'面粉',50.0,'g',NULL,0,2),
  (534,268,'粉丝',25.0,'g','干',0,3),
  (535,269,'胡萝卜丝',100.0,'g',NULL,0,1),
  (536,269,'海带丝',50.0,'g','湿',0,2),
  (537,269,'豆腐丝',50.0,'g',NULL,0,3),
  (538,270,'绿豆芽',100.0,'g',NULL,0,1),
  (541,273,'面粉',75.0,'g',NULL,0,1),
  (542,273,'大葱',10.0,'g',NULL,0,2),
  (543,274,'西红柿',100.0,'g',NULL,0,1),
  (544,274,'牛腩',50.0,'g',NULL,0,2),
  (545,275,'大枣',20.0,'g','干',1,1),
  (546,275,'枸杞子',10.0,'g','干',1,2),
  (547,276,'山药粉',50.0,'g',NULL,1,1),
  (548,276,'全麦面粉',10.0,'g',NULL,0,2),
  (549,276,'脱脂牛奶',50.0,'mL',NULL,0,3),
  (550,276,'鸡蛋',50.0,'g',NULL,0,4),
  (551,277,'桔梗',20.0,'g',NULL,1,1),
  (552,277,'香葱',10.0,'g',NULL,0,2),
  (553,277,'春笋',100.0,'g',NULL,0,3),
  (556,280,'玉米粒',20.0,'g','鲜',0,1),
  (557,280,'芡实',10.0,'g',NULL,1,2),
  (558,280,'大米',50.0,'g',NULL,0,3),
  (559,281,'猪肉',25.0,'g',NULL,0,1),
  (560,281,'仔姜',80.0,'g',NULL,1,2),
  (561,281,'青蒜',10.0,'g',NULL,0,3),
  (562,282,'娃娃菜',150.0,'g',NULL,0,1),
  (563,283,'虾皮',3.0,'g',NULL,0,1),
  (564,283,'冬瓜',100.0,'g',NULL,0,2),
  (565,283,'海带',30.0,'g','水发',0,3),
  (566,283,'香菜',5.0,'g',NULL,0,4),
  (567,284,'紫薯',30.0,'g',NULL,0,1),
  (568,284,'全麦面粉',50.0,'g',NULL,0,2),
  (569,285,'鲜虾仁',50.0,'g',NULL,0,1),
  (570,285,'西兰花',70.0,'g',NULL,0,2),
  (571,286,'猪瘦肉',30.0,'g',NULL,0,1),
  (572,286,'鸡毛菜',50.0,'g',NULL,0,2),
  (573,286,'蟹味菇',20.0,'g',NULL,0,3),
  (574,286,'枸杞子',5.0,'g',NULL,1,4),
  (575,287,'面粉',50.0,'g',NULL,0,1),
  (576,287,'荠菜',50.0,'g',NULL,0,2),
  (577,287,'猪里脊肉',30.0,'g',NULL,0,3),
  (578,287,'香菜',5.0,'g',NULL,0,4),
  (579,288,'脱脂牛奶',110.0,'mL',NULL,0,1),
  (580,288,'鸡蛋',50.0,'g',NULL,0,2),
  (581,289,'圆白菜',100.0,'g',NULL,0,1),
  (582,289,'虾皮',2.0,'g',NULL,0,2),
  (583,290,'紫米',30.0,'g',NULL,0,1),
  (584,290,'大米',20.0,'g',NULL,0,2),
  (585,291,'带鱼',50.0,'g',NULL,0,1),
  (586,291,'葱姜',5.0,'g',NULL,0,2),
  (587,291,'香菜',10.0,'g',NULL,0,3),
  (588,292,'绿豆芽',100.0,'g',NULL,0,1),
  (589,292,'红柿子椒',10.0,'g',NULL,0,2),
  (590,293,'核桃仁',5.0,'g',NULL,0,1),
  (591,293,'香橙',50.0,'g',NULL,0,2),
  (592,293,'无糖酸奶',150.0,'g',NULL,0,3),
  (593,294,'猪瘦肉',15.0,'g',NULL,0,1),
  (594,294,'鲜切面',100.0,'g',NULL,0,2),
  (595,294,'茄子',80.0,'g',NULL,0,3),
  (596,294,'香菇',30.0,'g','鲜',0,4),
  (597,294,'香葱',10.0,'g',NULL,0,5),
  (598,295,'豆腐',50.0,'g',NULL,0,1),
  (599,295,'雪里蕻',15.0,'g',NULL,0,2),
  (600,295,'青蒜叶',20.0,'g',NULL,0,3),
  (601,296,'蒲公英',80.0,'g','鲜',1,1),
  (602,296,'玉米面粉',15.0,'g',NULL,0,2),
  (603,296,'小米辣',5.0,'g',NULL,0,3),
  (605,298,'小菠菜',50.0,'g',NULL,0,1),
  (606,298,'全麦面粉',40.0,'g',NULL,0,2),
  (607,299,'鲜山药',60.0,'g',NULL,1,1),
  (608,300,'香椿',30.0,'g',NULL,0,1),
  (609,300,'鸡蛋',50.0,'g',NULL,0,2),
  (611,302,'藜麦',10.0,'g',NULL,0,1),
  (612,302,'大米',50.0,'g',NULL,0,2),
  (613,302,'赤小豆',10.0,'g',NULL,1,3),
  (614,303,'鸡胸肉',50.0,'g',NULL,0,1),
  (615,303,'小白菜',50.0,'g',NULL,0,2),
  (616,303,'鲜蘑菇',20.0,'g',NULL,0,3),
  (617,303,'枸杞子',3.0,'g',NULL,1,4),
  (618,304,'油麦菜',130.0,'g',NULL,0,1),
  (620,306,'全麦面粉',95.0,'g',NULL,0,1),
  (621,306,'茴香苗',80.0,'g',NULL,0,2),
  (622,306,'羊肉',50.0,'g',NULL,0,3),
  (623,306,'香葱',10.0,'g',NULL,0,4),
  (624,307,'木耳',20.0,'g','水发',0,1),
  (625,307,'油菜',100.0,'g',NULL,0,2),
  (626,308,'西芹',100.0,'g',NULL,0,1),
  (627,308,'鲜百合',20.0,'g',NULL,1,2),
  (629,310,'全麦面粉',25.0,'g',NULL,0,1),
  (630,310,'牛奶',100.0,'mL',NULL,0,2),
  (631,310,'鸡蛋',50.0,'g',NULL,0,3),
  (632,310,'香葱',10.0,'g',NULL,0,4),
  (633,311,'胡萝卜',20.0,'g',NULL,0,1),
  (634,311,'杏鲍菇',50.0,'g',NULL,0,2),
  (635,311,'青笋',80.0,'g',NULL,0,3),
  (636,312,'红心火龙果',100.0,'g',NULL,0,1),
  (637,312,'无糖酸奶',150.0,'g',NULL,0,2),
  (638,313,'黑米',40.0,'g',NULL,0,1),
  (639,313,'芡实',10.0,'g',NULL,1,2),
  (640,313,'燕麦米',10.0,'g',NULL,0,3),
  (641,314,'猪肉',20.0,'g',NULL,0,1),
  (642,314,'北豆腐',20.0,'g',NULL,0,2),
  (643,314,'槐花',100.0,'g',NULL,1,3),
  (644,315,'嫩黄瓜',150.0,'g',NULL,0,1),
  (645,316,'虾皮',3.0,'g',NULL,0,1),
  (646,316,'冬瓜',150.0,'g',NULL,0,2),
  (647,316,'紫菜',3.0,'g',NULL,0,3),
  (648,316,'香菜',5.0,'g',NULL,0,4),
  (649,317,'黄瓤土豆',100.0,'g',NULL,0,1),
  (650,317,'栗面南瓜',100.0,'g',NULL,0,2),
  (651,318,'泡仔姜',20.0,'g',NULL,1,1),
  (652,318,'桔梗',20.0,'g',NULL,1,2),
  (653,318,'西葫芦',100.0,'g',NULL,0,3),
  (654,319,'鸡腿肉',70.0,'g',NULL,0,1),
  (655,319,'香菇',20.0,'g','水发',0,2),
  (656,319,'莲子',20.0,'g','鲜',1,3),
  (657,320,'赤小豆',5.0,'g',NULL,1,1),
  (658,320,'薏苡仁',5.0,'g',NULL,1,2),
  (659,321,'粗玉米面粉',20.0,'g',NULL,0,1),
  (660,321,'面粉',10.0,'g',NULL,0,2),
  (661,321,'豆面粉',5.0,'g',NULL,0,3),
  (662,321,'马齿苋',80.0,'g',NULL,1,4),
  (663,321,'猪肉',10.0,'g',NULL,0,5),
  (664,321,'香葱',5.0,'g',NULL,0,6),
  (665,322,'鸡蛋',50.0,'g',NULL,0,1),
  (667,324,'菠菜',120.0,'g',NULL,0,1),
  (668,324,'虾皮',3.0,'g',NULL,0,2),
  (669,325,'糙米',40.0,'g',NULL,0,1),
  (670,325,'大米',20.0,'g',NULL,0,2),
  (671,326,'淡水鲈鱼',60.0,'g',NULL,0,1),
  (672,326,'葱姜丝',5.0,'g',NULL,0,2),
  (673,326,'香菜',10.0,'g',NULL,0,3),
  (674,327,'蛤蜊',50.0,'g','带壳',0,1),
  (675,327,'小白菜',50.0,'g',NULL,0,2),
  (676,327,'南豆腐',40.0,'g',NULL,0,3),
  (678,329,'猪瘦肉',20.0,'g',NULL,0,1),
  (679,329,'鲜切面',60.0,'g',NULL,0,2),
  (680,329,'土豆',50.0,'g',NULL,0,3),
  (681,329,'香菇',30.0,'g','鲜',0,4),
  (682,329,'豆角',80.0,'g',NULL,0,5),
  (683,330,'豌豆苗',100.0,'g',NULL,0,1),
  (684,330,'红柿子椒',10.0,'g',NULL,0,2),
  (685,331,'苦瓜',80.0,'g',NULL,0,1),
  (686,331,'泡姜',5.0,'g',NULL,1,2),
  (687,331,'小米辣',3.0,'g',NULL,0,3),
  (688,332,'绿豆',5.0,'g',NULL,0,1),
  (689,333,'鸡蛋',40.0,'g',NULL,0,1),
  (690,333,'油菜',50.0,'g',NULL,0,2),
  (691,333,'全麦面粉',50.0,'g',NULL,0,3),
  (692,334,'玉米',100.0,'g','带棒',0,1),
  (693,335,'绿豆芽',80.0,'g',NULL,0,1),
  (694,335,'海带',50.0,'g','水发',0,2),
  (695,335,'豆腐丝',35.0,'g',NULL,0,3),
  (696,335,'柿子椒',10.0,'g',NULL,0,4),
  (698,337,'藜麦',10.0,'g',NULL,0,1),
  (699,337,'大米',40.0,'g',NULL,0,2),
  (700,337,'赤小豆',13.0,'g',NULL,1,3),
  (701,338,'鸡胸肉',50.0,'g',NULL,0,1),
  (702,338,'小白菜',50.0,'g',NULL,0,2),
  (703,338,'蘑菇',20.0,'g','鲜',0,3),
  (704,338,'枸杞子',3.0,'g',NULL,1,4),
  (705,339,'油麦菜',100.0,'g',NULL,0,1),
  (707,341,'紫米',55.0,'g',NULL,0,1),
  (708,341,'铁棍山药',100.0,'g',NULL,1,2),
  (709,342,'鲜虾仁',50.0,'g',NULL,0,1),
  (710,342,'香菇',20.0,'g','鲜',0,2),
  (711,342,'鸡毛菜',80.0,'g',NULL,0,3),
  (712,343,'南瓜',150.0,'g',NULL,0,1),
  (713,343,'百合',15.0,'g','鲜',1,2),
  (715,345,'脱脂牛奶',20.0,'g',NULL,0,1),
  (716,345,'全麦面粉',40.0,'g',NULL,0,2),
  (717,346,'绿豆芽',50.0,'g',NULL,0,1),
  (718,346,'黄瓜',30.0,'g',NULL,0,2),
  (719,346,'金针菇',50.0,'g',NULL,0,3),
  (720,346,'香菜',5.0,'g',NULL,0,4),
  (722,348,'紫米',45.0,'g',NULL,0,1),
  (723,348,'芡实',10.0,'g',NULL,1,2),
  (724,349,'鲜虾仁',50.0,'g',NULL,0,1),
  (725,349,'黄瓜',40.0,'g',NULL,0,2),
  (726,349,'胡萝卜',10.0,'g',NULL,0,3),
  (727,350,'嫩南瓜尖',100.0,'g',NULL,0,1),
  (728,351,'枸杞子原浆',10.0,'g',NULL,1,1),
  (729,351,'无糖酸奶',150.0,'g',NULL,0,2),
  (730,352,'全麦面粉',40.0,'g',NULL,0,1),
  (731,352,'茴香苗',50.0,'g',NULL,0,2),
  (732,352,'猪瘦肉',20.0,'g',NULL,0,3),
  (733,352,'香葱',10.0,'g',NULL,0,4),
  (734,353,'小白菜',100.0,'g',NULL,0,1),
  (735,353,'北豆腐',30.0,'g',NULL,0,2),
  (736,353,'香菇',20.0,'g','鲜',0,3),
  (737,354,'马齿苋',120.0,'g',NULL,1,1),
  (738,355,'白萝卜',50.0,'g',NULL,0,1),
  (739,355,'虾皮',3.0,'g',NULL,0,2),
  (740,355,'香菜',5.0,'g',NULL,0,3),
  (741,356,'粗玉米面粉',50.0,'g',NULL,0,1),
  (742,356,'虾皮',5.0,'g',NULL,0,2),
  (743,356,'白萝卜',40.0,'g',NULL,0,3),
  (744,356,'胡萝卜',10.0,'g',NULL,0,4),
  (745,357,'鸡蛋',50.0,'g',NULL,0,1),
  (747,359,'菠菜',100.0,'g',NULL,0,1),
  (748,359,'鸡肝',10.0,'g','熟',0,2),
  (749,360,'鲜山药',100.0,'g',NULL,1,1),
  (750,360,'糙米',50.0,'g',NULL,0,2),
  (751,360,'赤小豆',10.0,'g',NULL,1,3),
  (752,361,'鲈鱼',50.0,'g',NULL,0,1),
  (753,361,'花椒',2.0,'g',NULL,1,2),
  (754,361,'细粉丝',15.0,'g',NULL,0,3),
  (755,361,'南豆腐',40.0,'g',NULL,0,4),
  (756,361,'葱姜',5.0,'g',NULL,0,5),
  (757,362,'蒿子秆',100.0,'g',NULL,0,1),
  (758,363,'雪梨',50.0,'g',NULL,0,1),
  (759,363,'银耳',5.0,'g','干',0,2),
  (760,363,'大枣',5.0,'g',NULL,1,3),
  (761,363,'莲子',5.0,'g',NULL,1,4),
  (762,364,'全麦面粉',40.0,'g',NULL,0,1),
  (763,364,'玉米面粉',15.0,'g',NULL,0,2),
  (764,365,'茄子',100.0,'g',NULL,0,1),
  (765,365,'猪肉',20.0,'g',NULL,0,2),
  (766,365,'香葱',10.0,'g',NULL,0,3),
  (767,366,'小白菜',100.0,'g',NULL,0,1),
  (768,366,'木耳',20.0,'g','水发',0,2),
  (769,367,'海米',3.0,'g',NULL,0,1),
  (770,367,'冬瓜',50.0,'g',NULL,0,2),
  (771,367,'紫菜',3.0,'g',NULL,0,3),
  (772,367,'香菜',5.0,'g',NULL,0,4),
  (773,368,'紫米',20.0,'g',NULL,0,1),
  (774,368,'白芸豆',5.0,'g',NULL,0,2),
  (775,368,'赤小豆',5.0,'g',NULL,1,3),
  (776,368,'大米',10.0,'g',NULL,0,4),
  (777,368,'薏苡仁',5.0,'g',NULL,1,5),
  (778,368,'大枣',5.0,'g',NULL,1,6),
  (779,369,'桂花',1.0,'g','干',0,1),
  (780,369,'鲜山药',100.0,'g',NULL,1,2),
  (781,370,'鸡蛋',50.0,'g',NULL,0,1),
  (782,370,'豆浆',100.0,'mL',NULL,0,2),
  (783,371,'尖椒',50.0,'g',NULL,0,1),
  (784,371,'豆腐皮',20.0,'g',NULL,0,2),
  (785,372,'藜麦',15.0,'g',NULL,0,1),
  (786,372,'大米',50.0,'g',NULL,0,2),
  (787,373,'黑鱼',60.0,'g',NULL,0,1),
  (788,373,'莴笋',50.0,'g',NULL,0,2),
  (789,373,'绿豆芽',50.0,'g',NULL,0,3),
  (790,373,'野山椒',5.0,'g',NULL,0,4),
  (791,373,'黄菊花',5.0,'g','鲜',1,5),
  (792,373,'木耳',20.0,'g','水发',0,6),
  (793,374,'盖菜',100.0,'g',NULL,0,1),
  (794,375,'面条',100.0,'g',NULL,0,1),
  (795,375,'黑芝麻酱',5.0,'g',NULL,0,2),
  (796,375,'黄瓜',50.0,'g',NULL,0,3),
  (797,375,'心里美萝卜',30.0,'g',NULL,0,4),
  (798,376,'八爪鱼',75.0,'g',NULL,0,1),
  (799,376,'韭菜',60.0,'g',NULL,0,2),
  (800,376,'红辣椒',5.0,'g',NULL,0,3),
  (801,377,'嫩黄瓜',100.0,'g',NULL,0,1),
  (802,378,'无糖酸奶',200.0,'g',NULL,0,1),
  (803,378,'油蟠桃',200.0,'g',NULL,0,2),
  (804,379,'桂花',1.0,'g','干',0,1),
  (805,379,'山药泥',80.0,'g',NULL,1,2),
  (806,379,'全麦面粉',35.0,'g',NULL,0,3),
  (807,380,'白萝卜',100.0,'g',NULL,0,1),
  (808,380,'猪里脊肉丝',15.0,'g',NULL,0,2),
  (809,380,'香菜',5.0,'g',NULL,0,3),
  (811,382,'紫米',45.0,'g',NULL,0,1),
  (812,382,'黄精',10.0,'g',NULL,1,2),
  (813,382,'赤小豆',10.0,'g',NULL,1,3),
  (814,383,'鸡肉',30.0,'g',NULL,0,1),
  (815,383,'香菇',10.0,'g','鲜',0,2),
  (816,383,'柿子椒',100.0,'g',NULL,0,3),
  (817,384,'西兰花',100.0,'g',NULL,0,1),
  (819,386,'荞麦面粉',50.0,'g',NULL,0,1),
  (820,386,'鸡蛋',40.0,'g',NULL,0,2),
  (821,386,'西红柿',50.0,'g',NULL,0,3),
  (822,386,'香葱',10.0,'g',NULL,0,4),
  (823,387,'白菜',100.0,'g',NULL,0,1),
  (824,387,'北豆腐',30.0,'g',NULL,0,2),
  (825,387,'鲜辣椒',5.0,'g',NULL,0,3),
  (826,388,'蒿子秆',120.0,'g',NULL,0,1),
  (827,388,'玉米面粉',20.0,'g',NULL,0,2),
  (828,389,'黄豆芽',30.0,'g',NULL,0,1),
  (829,389,'海带',50.0,'g','水发',0,2),
  (830,389,'金针菇',25.0,'g',NULL,0,3),
  (831,390,'粗玉米面粉',40.0,'g',NULL,0,1),
  (832,390,'栗面南瓜',50.0,'g',NULL,0,2),
  (833,390,'黄豆粉',10.0,'g',NULL,0,3),
  (834,391,'鸡蛋',50.0,'g',NULL,0,1),
  (836,393,'菠菜',150.0,'g',NULL,0,1),
  (837,393,'虾皮',3.0,'g',NULL,0,2),
  (838,394,'土豆',100.0,'g',NULL,0,1),
  (839,394,'糙米',40.0,'g',NULL,0,2),
  (840,394,'鹰嘴豆',10.0,'g',NULL,0,3),
  (841,395,'草鱼',50.0,'g',NULL,0,1),
  (842,395,'豆豉',3.0,'g',NULL,1,2),
  (843,395,'辣椒',3.0,'g',NULL,0,3),
  (844,395,'北豆腐',40.0,'g',NULL,0,4),
  (845,395,'葱姜',5.0,'g',NULL,0,5),
  (848,398,'茯苓粉',15.0,'g',NULL,1,1),
  (849,398,'全麦面粉',35.0,'g',NULL,0,2),
  (850,399,'黄豆芽',120.0,'g',NULL,0,1),
  (851,399,'鸡肉',15.0,'g',NULL,0,2),
  (852,399,'香葱',10.0,'g',NULL,0,3),
  (853,400,'小白菜',150.0,'g',NULL,0,1),
  (854,400,'胡萝卜',10.0,'g',NULL,0,2),
  (855,401,'海米',2.0,'g',NULL,0,1),
  (856,401,'白萝卜',50.0,'g',NULL,0,2),
  (857,401,'紫菜',2.0,'g',NULL,0,3),
  (858,401,'香菜',5.0,'g',NULL,0,4),
  (859,402,'小米',20.0,'g',NULL,0,1),
  (860,402,'白扁豆',10.0,'g',NULL,1,2),
  (861,402,'赤小豆',10.0,'g',NULL,1,3),
  (862,403,'鲜山药',100.0,'g',NULL,1,1),
  (863,404,'鸡蛋',50.0,'g',NULL,0,1),
  (864,404,'脱脂牛奶',100.0,'mL',NULL,0,2),
  (865,405,'菠菜',120.0,'g',NULL,0,1),
  (866,405,'香干',20.0,'g',NULL,0,2),
  (867,406,'藜麦',20.0,'g',NULL,0,1),
  (868,406,'大米',50.0,'g',NULL,0,2),
  (869,406,'白豌豆',20.0,'g',NULL,0,3),
  (870,406,'豆浆',100.0,'mL',NULL,0,4),
  (871,407,'牛肉',40.0,'g',NULL,0,1),
  (872,407,'莴笋',50.0,'g',NULL,0,2),
  (873,407,'绿豆芽',60.0,'g',NULL,0,3),
  (874,407,'野山椒',3.0,'g',NULL,0,4),
  (875,407,'木耳',20.0,'g','水发',0,5),
  (876,408,'蒿子秆',100.0,'g',NULL,0,1),
  (877,409,'无糖酸奶',200.0,'g',NULL,0,1),
  (878,409,'脐橙',200.0,'g',NULL,0,2),
  (879,410,'紫米',60.0,'g',NULL,0,1),
  (880,410,'红腰豆',10.0,'g',NULL,0,2),
  (881,410,'荔浦芋头',100.0,'g',NULL,0,3),
  (882,411,'鲜海虾',137.0,'g','毛重',0,1),
  (883,411,'白萝卜',100.0,'g',NULL,0,2),
  (884,411,'香菜',5.0,'g',NULL,0,3),
  (885,412,'大白菜',100.0,'g',NULL,0,1),
  (886,413,'鲜山药',80.0,'g','毛重',1,1),
  (887,413,'紫薯',80.0,'g','毛重',0,2),
  (889,415,'鸡蛋',55.0,'g',NULL,0,1),
  (890,415,'香菜',10.0,'g',NULL,0,2),
  (891,416,'黄瓜',80.0,'g',NULL,0,1),
  (893,418,'藜麦',20.0,'g',NULL,0,1),
  (894,418,'薏苡仁',20.0,'g',NULL,1,2),
  (895,418,'大米',30.0,'g',NULL,0,3),
  (896,419,'草头',130.0,'g',NULL,0,1),
  (897,419,'大蒜',5.0,'g',NULL,0,2),
  (898,420,'春笋',80.0,'g',NULL,0,1),
  (899,420,'瘦肉',15.0,'g',NULL,0,2),
  (900,421,'明虾',50.0,'g','毛重',0,1),
  (901,421,'生姜',5.0,'g',NULL,1,2),
  (902,422,'紫菜',5.0,'g','干',0,1),
  (904,424,'燕麦',30.0,'g',NULL,0,1),
  (905,424,'大米',30.0,'g',NULL,0,2),
  (906,425,'平菇',80.0,'g','鲜',0,1),
  (907,426,'香干',10.0,'g',NULL,0,1),
  (908,426,'马兰头',100.0,'g',NULL,0,2),
  (909,427,'鲈鱼',60.0,'g',NULL,0,1),
  (910,427,'生姜',5.0,'g',NULL,1,2),
  (911,427,'淡豆豉',8.0,'g',NULL,1,3),
  (912,428,'西红柿',25.0,'g',NULL,0,1),
  (913,429,'鸡蛋',50.0,'g',NULL,0,1),
  (914,429,'全麦贝果',60.0,'g',NULL,0,2),
  (915,429,'生菜',20.0,'g',NULL,0,3),
  (916,429,'西红柿',30.0,'g',NULL,0,4),
  (919,432,'赤小豆',15.0,'g',NULL,1,1),
  (920,432,'小米',10.0,'g',NULL,0,2),
  (921,432,'粳米',35.0,'g',NULL,0,3),
  (922,433,'水芹菜',120.0,'g',NULL,0,1),
  (923,434,'香菇',40.0,'g','鲜',0,1),
  (924,434,'鸡腿肉',20.0,'g',NULL,0,2),
  (925,436,'昆布',5.0,'g','干',1,1),
  (926,436,'嫩豆腐',10.0,'g',NULL,0,2),
  (928,438,'黑米',15.0,'g',NULL,0,1),
  (929,438,'粳米',30.0,'g',NULL,0,2),
  (930,439,'芦笋',100.0,'g',NULL,0,1),
  (931,440,'荠菜',120.0,'g',NULL,0,1),
  (932,440,'口蘑',30.0,'g',NULL,0,2),
  (933,440,'猪瘦肉',30.0,'g',NULL,0,3),
  (934,441,'菠菜',30.0,'g',NULL,0,1),
  (935,441,'鸡蛋',50.0,'g',NULL,0,2),
  (936,442,'竹荪',10.0,'g','干',0,1),
  (937,442,'黄瓜',30.0,'g',NULL,0,2),
  (938,443,'酸枣仁',5.0,'g',NULL,1,1),
  (939,443,'黄豆',10.0,'g',NULL,0,2),
  (940,443,'藜麦',5.0,'g',NULL,0,3),
  (941,443,'糙米',20.0,'g',NULL,0,4),
  (942,443,'玉米粒',15.0,'g','干',0,5),
  (944,445,'鸡蛋',50.0,'g',NULL,0,1),
  (945,446,'青菜',80.0,'g',NULL,0,1),
  (947,448,'红薯',15.0,'g',NULL,0,1),
  (948,448,'小米',10.0,'g',NULL,0,2),
  (949,448,'粳米',30.0,'g',NULL,0,3),
  (950,449,'菜花',130.0,'g',NULL,0,1),
  (951,449,'胡萝卜',20.0,'g',NULL,0,2),
  (952,450,'茶树菇',30.0,'g','干',0,1),
  (953,450,'鸭肉',50.0,'g',NULL,0,2),
  (954,450,'生姜',5.0,'g',NULL,1,3),
  (955,450,'白果',5.0,'g','干',1,4),
  (956,451,'黑鱼',40.0,'g',NULL,0,1),
  (957,451,'生姜',5.0,'g',NULL,1,2),
  (958,452,'平菇',20.0,'g',NULL,0,1),
  (960,455,'紫菜',5.0,'g','干',0,1),
  (961,455,'虾皮',5.0,'g',NULL,0,2),
  (962,456,'全麦吐司',80.0,'g',NULL,0,1),
  (963,456,'鸡蛋',50.0,'g',NULL,0,2),
  (964,456,'生菜',20.0,'g',NULL,0,3),
  (965,456,'紫甘蓝',20.0,'g',NULL,0,4),
  (966,456,'西红柿',20.0,'g',NULL,0,5),
  (967,456,'低脂沙拉酱',5.0,'g',NULL,0,6),
  (970,459,'粳米',25.0,'g',NULL,0,1),
  (971,459,'黑米',10.0,'g',NULL,0,2),
  (972,459,'燕麦米',15.0,'g',NULL,0,3),
  (973,460,'草菇',50.0,'g','鲜',0,1),
  (974,460,'西兰花',60.0,'g',NULL,0,2),
  (975,461,'芹菜',50.0,'g',NULL,0,1),
  (976,461,'香干',20.0,'g',NULL,0,2),
  (977,462,'柿子椒',40.0,'g',NULL,0,1),
  (978,462,'牛里脊肉',45.0,'g',NULL,0,2),
  (979,462,'黑胡椒',1.0,'g',NULL,1,3),
  (980,463,'薏苡仁',5.0,'g',NULL,1,1),
  (981,463,'冬瓜',80.0,'g',NULL,0,2),
  (983,465,'小米',10.0,'g',NULL,0,1),
  (984,465,'红薯',20.0,'g',NULL,0,2),
  (985,465,'粳米',20.0,'g',NULL,0,3),
  (986,466,'空心菜',130.0,'g',NULL,0,1),
  (987,467,'鲜虾仁',30.0,'g',NULL,0,1),
  (988,467,'木耳',5.0,'g','干',0,2),
  (989,467,'荷兰豆',30.0,'g',NULL,0,3),
  (990,467,'芦笋',30.0,'g',NULL,0,4),
  (991,467,'白果',10.0,'g','干',1,5),
  (992,468,'猪里脊肉',20.0,'g',NULL,0,1),
  (993,468,'西葫芦',40.0,'g',NULL,0,2),
  (994,469,'丝瓜',50.0,'g',NULL,0,1),
  (995,469,'百合',5.0,'g','干',1,2),
  (996,470,'水果玉米',180.0,'g','带棒',0,1),
  (998,472,'鸡蛋',50.0,'g',NULL,0,1),
  (1001,475,'粳米',30.0,'g',NULL,0,1),
  (1002,475,'芡实',10.0,'g','干',1,2),
  (1003,475,'燕麦',20.0,'g',NULL,0,3),
  (1004,476,'红苋菜',130.0,'g',NULL,0,1),
  (1005,477,'紫苏',15.0,'g','鲜',1,1),
  (1006,477,'花蛤',150.0,'g','毛重',0,2),
  (1007,478,'仔姜',50.0,'g',NULL,1,1),
  (1008,478,'牛里脊肉',40.0,'g',NULL,0,2),
  (1009,479,'冬瓜',60.0,'g',NULL,0,1),
  (1010,479,'昆布',15.0,'g','干',1,2),
  (1011,479,'鲜虾仁',20.0,'g',NULL,0,3),
  (1013,481,'荞麦面条',120.0,'g',NULL,0,1),
  (1014,481,'鸡胸肉',40.0,'g',NULL,0,2),
  (1015,481,'木耳',5.0,'g','干',0,3),
  (1016,481,'杏鲍菇',30.0,'g','鲜',0,4),
  (1017,481,'黄豆芽',20.0,'g',NULL,0,5),
  (1018,481,'菠菜',60.0,'g',NULL,0,6),
  (1019,481,'柿子椒',10.0,'g',NULL,0,7),
  (1020,482,'绿豆',10.0,'g',NULL,0,1),
  (1021,482,'大枣',10.0,'g','干',1,2),
  (1024,485,'鸡蛋',50.0,'g',NULL,0,1),
  (1025,485,'枸杞子',5.0,'g',NULL,1,2),
  (1028,488,'粳米',40.0,'g',NULL,0,1),
  (1029,488,'黑米',20.0,'g',NULL,0,2),
  (1030,488,'燕麦',30.0,'g',NULL,0,3),
  (1031,489,'秋葵',100.0,'g',NULL,0,1),
  (1032,490,'鞭笋',50.0,'g',NULL,0,1),
  (1033,490,'木耳',5.0,'g','干',0,2),
  (1034,490,'猪瘦肉',20.0,'g',NULL,0,3),
  (1035,491,'小黄鱼',40.0,'g',NULL,0,1),
  (1036,491,'生姜',5.0,'g',NULL,1,2),
  (1037,492,'牛里脊肉',10.0,'g',NULL,0,1),
  (1038,492,'莼菜',20.0,'g',NULL,0,2),
  (1040,494,'粳米',40.0,'g',NULL,0,1),
  (1041,494,'黑豆',15.0,'g',NULL,0,2),
  (1042,494,'小米',25.0,'g',NULL,0,3),
  (1043,495,'南瓜藤',120.0,'g',NULL,0,1),
  (1044,496,'苦瓜',80.0,'g',NULL,0,1),
  (1045,496,'虾滑',30.0,'g',NULL,0,2),
  (1046,497,'茭白',40.0,'g',NULL,0,1),
  (1047,497,'葫芦',30.0,'g',NULL,0,2),
  (1048,497,'鸡胸肉',25.0,'g',NULL,0,3),
  (1049,497,'胡萝卜',15.0,'g',NULL,0,4),
  (1050,497,'木耳',5.0,'g','干',0,5),
  (1051,497,'花椒',2.0,'g',NULL,1,6),
  (1052,498,'金针菇',15.0,'g','鲜',0,1),
  (1053,498,'西红柿',30.0,'g',NULL,0,2),
  (1054,498,'嫩豆腐',10.0,'g',NULL,0,3),
  (1055,498,'贻贝',5.0,'g','干',0,4),
  (1057,500,'鸡蛋',50.0,'g',NULL,0,1),
  (1058,501,'桃胶',5.0,'g','干',0,1),
  (1059,501,'银耳',5.0,'g','干',0,2),
  (1060,501,'莲子',5.0,'g','干',1,3),
  (1061,501,'牛奶',200.0,'mL',NULL,0,4),
  (1063,503,'黑米',20.0,'g',NULL,0,1),
  (1064,503,'粳米',25.0,'g',NULL,0,2),
  (1065,504,'木耳菜',120.0,'g',NULL,0,1),
  (1066,505,'西芹',50.0,'g',NULL,0,1),
  (1067,505,'百合',20.0,'g','鲜',1,2),
  (1068,505,'鲜虾仁',30.0,'g',NULL,0,3),
  (1069,506,'葫芦',40.0,'g','去皮',0,1),
  (1070,506,'猪瘦肉',20.0,'g',NULL,0,2),
  (1071,507,'西红柿',30.0,'g',NULL,0,1),
  (1072,507,'紫菜',5.0,'g','干',0,2),
  (1074,509,'板栗',15.0,'g',NULL,0,1),
  (1075,509,'粳米',25.0,'g',NULL,0,2),
  (1076,510,'红薯藤叶',120.0,'g',NULL,0,1),
  (1077,511,'牛里脊肉',40.0,'g',NULL,0,1),
  (1078,511,'洋葱',40.0,'g',NULL,0,2),
  (1079,511,'香芹',40.0,'g',NULL,0,3),
  (1080,511,'黑胡椒',2.0,'g',NULL,1,4),
  (1081,512,'蛏子',150.0,'g','毛重',0,1),
  (1082,512,'生姜',5.0,'g',NULL,0,2),
  (1083,513,'香菇',20.0,'g','鲜',0,1),
  (1084,513,'嫩豆腐',10.0,'g',NULL,0,2),
  (1085,513,'牡蛎肉',10.0,'g','鲜',1,3),
  (1088,516,'鸡蛋',50.0,'g',NULL,0,1),
  (1090,518,'燕麦',20.0,'g',NULL,0,1),
  (1091,518,'红薯',30.0,'g',NULL,0,2),
  (1092,518,'粳米',40.0,'g',NULL,0,3),
  (1093,519,'生菜',130.0,'g',NULL,0,1),
  (1094,520,'柿子椒',35.0,'g',NULL,0,1),
  (1095,520,'藕带',55.0,'g',NULL,0,2),
  (1096,521,'河虾',70.0,'g',NULL,1,1),
  (1097,522,'玉竹',5.0,'g','干',1,1),
  (1098,522,'老鸭',40.0,'g',NULL,0,2),
  (1099,522,'橘皮',3.0,'g',NULL,1,3),
  (1100,522,'生姜',5.0,'g',NULL,1,4),
  (1101,522,'大枣',5.0,'g',NULL,0,5),
  (1104,525,'鲜山药',25.0,'g',NULL,1,1),
  (1105,525,'粳米',45.0,'g',NULL,0,2),
  (1106,526,'圆白菜',160.0,'g',NULL,0,1),
  (1107,527,'木耳',5.0,'g','干',0,1),
  (1108,527,'金针菇',20.0,'g',NULL,0,2),
  (1109,527,'芹菜',80.0,'g',NULL,0,3),
  (1110,527,'香干',10.0,'g',NULL,0,4),
  (1111,528,'西红柿',50.0,'g',NULL,0,1),
  (1112,528,'牛腱子肉',50.0,'g',NULL,0,2),
  (1113,528,'生姜',5.0,'g',NULL,1,3),
  (1114,528,'山楂',5.0,'g','干',0,4),
  (1115,528,'花椒',3.0,'g',NULL,1,5),
  (1116,529,'竹荪',5.0,'g','干',0,1),
  (1117,529,'杏鲍菇',20.0,'g',NULL,0,2),
  (1118,529,'猪瘦肉',15.0,'g',NULL,0,3),
  (1119,530,'荞麦面条',100.0,'g',NULL,0,1),
  (1120,530,'上海青',50.0,'g',NULL,0,2),
  (1121,530,'鸡蛋',50.0,'g',NULL,0,3),
  (1122,530,'西红柿',40.0,'g',NULL,0,4),
  (1125,533,'藜麦',15.0,'g',NULL,0,1),
  (1126,533,'粳米',40.0,'g',NULL,0,2),
  (1127,534,'四季豆',100.0,'g',NULL,0,1),
  (1128,535,'白果',20.0,'g','干',1,1),
  (1129,535,'荷兰豆',40.0,'g',NULL,0,2),
  (1130,535,'胡萝卜',15.0,'g',NULL,0,3),
  (1131,535,'木耳',5.0,'g','干',0,4),
  (1132,536,'鲳鱼',80.0,'g',NULL,1,1),
  (1133,537,'西红柿',30.0,'g',NULL,0,1),
  (1134,537,'嫩豆腐',15.0,'g',NULL,0,2),
  (1136,539,'赤小豆',20.0,'g',NULL,1,1),
  (1137,539,'粳米',30.0,'g',NULL,0,2),
  (1138,540,'油麦菜',110.0,'g',NULL,0,1),
  (1139,541,'昆布',30.0,'g','干',1,1),
  (1140,542,'梭子蟹',140.0,'g','毛重',0,1),
  (1141,542,'生姜',5.0,'g',NULL,1,2),
  (1142,543,'蛤蜊',60.0,'g','毛重',0,1),
  (1143,543,'冬瓜',40.0,'g',NULL,0,2),
  (1144,543,'黄精',10.0,'g',NULL,1,3),
  (1145,543,'猪小排',50.0,'g','带骨',0,4),
  (1148,546,'鸡蛋',50.0,'g',NULL,0,1),
  (1151,549,'薏苡仁',15.0,'g',NULL,1,1),
  (1152,549,'藜麦',10.0,'g',NULL,0,2),
  (1153,549,'粳米',25.0,'g',NULL,0,3),
  (1154,550,'大白菜',110.0,'g',NULL,0,1),
  (1155,551,'冬笋',50.0,'g',NULL,0,1),
  (1156,551,'香菇',60.0,'g','鲜',0,2),
  (1157,552,'白萝卜',60.0,'g',NULL,0,1),
  (1158,552,'羊后腿肉',30.0,'g',NULL,0,2),
  (1159,552,'生姜',10.0,'g',NULL,1,3),
  (1160,552,'小茴香',5.0,'g',NULL,1,4),
  (1161,553,'黄瓜',40.0,'g',NULL,0,1),
  (1162,553,'紫菜',3.0,'g','干',0,2),
  (1164,555,'黑米',15.0,'g',NULL,0,1),
  (1165,555,'小米',20.0,'g',NULL,0,2),
  (1166,555,'粳米',25.0,'g',NULL,0,3),
  (1167,556,'鸭血',30.0,'g',NULL,0,1),
  (1168,556,'豆腐',20.0,'g',NULL,0,2),
  (1169,557,'蒜苔',60.0,'g',NULL,0,1),
  (1170,557,'牛瘦肉',25.0,'g',NULL,0,2),
  (1171,558,'鸡腿肉',30.0,'g','去皮',0,1),
  (1172,558,'洋葱',10.0,'g',NULL,0,2),
  (1173,558,'香菜',5.0,'g',NULL,0,3),
  (1174,558,'柠檬',10.0,'g',NULL,0,4),
  (1175,558,'小米辣',3.0,'g',NULL,0,5),
  (1176,559,'蘑菇',20.0,'g',NULL,0,1),
  (1177,559,'菠菜',20.0,'g',NULL,0,2),
  (1178,560,'冬菜虾仁小馄饨',80.0,'g',NULL,0,1),
  (1179,560,'青菜',30.0,'g',NULL,0,2),
  (1180,560,'紫菜',3.0,'g',NULL,0,3),
  (1183,563,'糙米',35.0,'g',NULL,0,1),
  (1184,563,'粳米',35.0,'g',NULL,0,2),
  (1185,564,'娃娃菜',130.0,'g',NULL,0,1),
  (1186,564,'木耳',5.0,'g','干',0,2),
  (1187,565,'牛里脊肉',20.0,'g',NULL,0,1),
  (1188,565,'柿子椒',50.0,'g',NULL,0,2),
  (1189,566,'香螺',80.0,'g','毛重',0,1),
  (1190,566,'紫苏',5.0,'g','干',1,2),
  (1191,566,'生姜',5.0,'g',NULL,1,3),
  (1192,567,'千张',10.0,'g',NULL,0,1),
  (1193,567,'西红柿',50.0,'g',NULL,0,2),
  (1194,567,'金针菇',15.0,'g',NULL,0,3),
  (1195,567,'枸杞子',3.0,'g','干',1,4),
  (1197,569,'青稞米',20.0,'g',NULL,0,1),
  (1198,569,'小米',10.0,'g',NULL,0,2),
  (1199,569,'粳米',40.0,'g',NULL,0,3),
  (1200,570,'香菇',20.0,'g','鲜',0,1),
  (1201,570,'青菜',130.0,'g',NULL,0,2),
  (1202,571,'蒜苗',40.0,'g',NULL,0,1),
  (1203,571,'冬笋',60.0,'g',NULL,0,2),
  (1204,572,'基围虾',50.0,'g',NULL,0,1),
  (1205,572,'生姜',5.0,'g',NULL,1,2),
  (1206,573,'鲫鱼',25.0,'g',NULL,0,1),
  (1207,573,'豆腐',30.0,'g',NULL,0,2),
  (1208,573,'白萝卜',30.0,'g',NULL,0,3),
  (1209,573,'生姜',5.0,'g',NULL,1,4),
  (1210,574,'老南瓜',200.0,'g',NULL,0,1),
  (1211,575,'鸡蛋',50.0,'g',NULL,0,1),
  (1212,576,'燕麦',30.0,'g',NULL,0,1),
  (1213,576,'牛奶',150.0,'mL',NULL,0,2),
  (1215,578,'糙米',25.0,'g',NULL,0,1),
  (1216,578,'土豆',20.0,'g',NULL,0,2),
  (1217,578,'粳米',40.0,'g',NULL,0,3),
  (1218,579,'茼蒿',180.0,'g',NULL,0,1),
  (1219,580,'杏鲍菇',60.0,'g',NULL,0,1),
  (1220,580,'牛肉',30.0,'g',NULL,0,2),
  (1221,581,'莴笋',50.0,'g',NULL,0,1),
  (1222,581,'昆布',15.0,'g','干',0,2),
  (1223,581,'金针菇',30.0,'g',NULL,0,3),
  (1224,582,'黄精',10.0,'g',NULL,1,1),
  (1225,582,'虫草花',10.0,'g','干',0,2),
  (1226,582,'鸡肉',20.0,'g',NULL,0,3),
  (1228,584,'赤小豆',20.0,'g',NULL,1,1),
  (1229,584,'玉米粒',20.0,'g','干',0,2),
  (1230,584,'粳米',40.0,'g',NULL,0,3),
  (1231,585,'香菇',15.0,'g','干',0,1),
  (1232,585,'杭白菜',180.0,'g',NULL,0,2),
  (1233,586,'千张',50.0,'g',NULL,0,1),
  (1234,586,'柿子椒',50.0,'g',NULL,0,2),
  (1235,587,'大闸蟹',120.0,'g','毛重',1,1),
  (1236,588,'猪心',20.0,'g',NULL,0,1),
  (1237,588,'大枣',5.0,'g',NULL,1,2),
  (1238,588,'枸杞子',3.0,'g','干',1,3),
  (1239,588,'当归',5.0,'g',NULL,1,4),
  (1240,588,'姜',5.0,'g',NULL,1,5),
  (1243,591,'素捆鸡',30.0,'g',NULL,0,1),
  (1244,591,'尖椒',50.0,'g',NULL,0,2),
  (1245,592,'木耳',50.0,'g','水发',0,1),
  (1246,592,'荷兰豆',30.0,'g',NULL,0,2),
  (1247,593,'花生',15.0,'g',NULL,0,1),
  (1248,593,'糙米',25.0,'g',NULL,0,2),
  (1249,593,'大米',25.0,'g',NULL,0,3),
  (1250,594,'猪瘦肉',30.0,'g',NULL,0,1),
  (1251,594,'鸡蛋',50.0,'g',NULL,0,2),
  (1252,595,'生菜',200.0,'g',NULL,0,1),
  (1253,596,'猪肝',25.0,'g',NULL,0,1),
  (1254,596,'枸杞子',10.0,'g',NULL,1,2),
  (1256,598,'馄饨皮',60.0,'g',NULL,0,1),
  (1257,598,'虾仁',30.0,'g',NULL,0,2),
  (1258,599,'小米辣',10.0,'g',NULL,0,1),
  (1259,599,'大白菜',200.0,'g',NULL,0,2),
  (1260,600,'大米',60.0,'g',NULL,0,1),
  (1261,600,'冻玉米粒',120.0,'g',NULL,0,2),
  (1262,601,'小米辣',10.0,'g',NULL,0,1),
  (1263,601,'南豆腐',100.0,'g',NULL,0,2),
  (1264,602,'胡萝卜',100.0,'g',NULL,0,1),
  (1265,602,'辣椒',15.0,'g',NULL,0,2),
  (1266,602,'菜花',160.0,'g',NULL,0,3),
  (1267,603,'牛瘦肉',50.0,'g',NULL,0,1),
  (1268,603,'冬瓜',80.0,'g',NULL,0,2),
  (1270,605,'黑米',25.0,'g',NULL,0,1),
  (1271,605,'大米',35.0,'g',NULL,0,2),
  (1272,606,'尖椒',80.0,'g',NULL,0,1),
  (1273,606,'鸡胸肉',50.0,'g',NULL,0,2),
  (1274,607,'西兰花',100.0,'g',NULL,0,1),
  (1275,607,'香菇',60.0,'g','鲜',0,2),
  (1276,608,'鲜山药',30.0,'g',NULL,1,1),
  (1277,608,'香菇',25.0,'g','鲜',0,2),
  (1278,608,'白玉菇',25.0,'g','鲜',0,3),
  (1279,609,'糯玉米',304.0,'g','带棒',0,1),
  (1280,611,'红薯',150.0,'g',NULL,0,1),
  (1281,611,'紫米',35.0,'g',NULL,0,2),
  (1282,612,'红柿子椒',30.0,'g',NULL,0,1),
  (1283,612,'河蚌肉',120.0,'g',NULL,0,2),
  (1284,613,'韭菜',20.0,'g',NULL,0,1),
  (1285,613,'圆白菜',100.0,'g',NULL,0,2),
  (1286,614,'去皮鸭肉',50.0,'g',NULL,0,1),
  (1287,614,'虫草花',5.0,'g',NULL,0,2),
  (1289,616,'藜麦',15.0,'g',NULL,0,1),
  (1290,616,'赤小豆',30.0,'g',NULL,1,2),
  (1291,617,'猪小排',50.0,'g',NULL,0,1),
  (1292,617,'腐竹',40.0,'g','水发',0,2),
  (1293,618,'黄瓜',50.0,'g',NULL,0,1),
  (1294,618,'西红柿',50.0,'g',NULL,0,2),
  (1295,619,'红柿子椒',50.0,'g',NULL,0,1),
  (1296,619,'荷兰豆',80.0,'g',NULL,0,2),
  (1297,620,'牛奶',250.0,'mL',NULL,0,1),
  (1298,620,'枸杞子',5.0,'g',NULL,1,2),
  (1299,620,'燕麦片',35.0,'g',NULL,0,3),
  (1300,621,'香干',35.0,'g',NULL,0,1),
  (1301,622,'豆角',50.0,'g',NULL,0,1),
  (1302,623,'紫薯',150.0,'g',NULL,0,1),
  (1303,623,'香菇',25.0,'g','干',0,2),
  (1304,623,'鸡胸肉',50.0,'g',NULL,0,3),
  (1305,624,'柿子椒',50.0,'g',NULL,0,1),
  (1306,624,'牛百叶（黑',NULL,NULL,NULL,0,2),
  (1307,625,'秋葵',100.0,'g',NULL,0,1),
  (1309,627,'绿豆',25.0,'g',NULL,0,1),
  (1310,627,'薏苡仁',25.0,'g',NULL,1,2),
  (1311,628,'小黄鱼',40.0,'g',NULL,0,1),
  (1312,629,'鲜杏鲍菇',100.0,'g',NULL,0,1),
  (1313,629,'胡萝卜',50.0,'g',NULL,0,2),
  (1314,630,'红薯叶',100.0,'g',NULL,0,1),
  (1315,631,'低脂牛奶',100.0,'mL',NULL,0,1),
  (1316,631,'赤小豆',25.0,'g',NULL,1,2),
  (1317,631,'薏苡仁',30.0,'g',NULL,1,3),
  (1318,632,'鸡蛋',50.0,'g',NULL,0,1),
  (1319,633,'茄子',100.0,'g',NULL,0,1),
  (1320,634,'芸豆',20.0,'g',NULL,0,1),
  (1321,634,'大米',60.0,'g',NULL,0,2),
  (1322,635,'香菇',25.0,'g','干',0,1),
  (1323,635,'去皮鸭肉',40.0,'g',NULL,0,2),
  (1324,636,'毛豆',25.0,'g',NULL,0,1),
  (1325,637,'苋菜',150.0,'g',NULL,0,1),
  (1327,639,'鲜山药',150.0,'g',NULL,1,1),
  (1328,639,'红米',25.0,'g',NULL,0,2),
  (1329,640,'鱼头',35.0,'g',NULL,0,1),
  (1330,641,'干辣椒',10.0,'g',NULL,0,1),
  (1331,641,'四季豆',100.0,'g',NULL,0,2),
  (1332,641,'猪肉',30.0,'g',NULL,0,3),
  (1333,642,'空心菜',100.0,'g',NULL,0,1),
  (1334,644,'大枣',5.0,'g',NULL,1,1),
  (1335,644,'生姜',5.0,'g',NULL,1,2),
  (1336,645,'大米',50.0,'g',NULL,0,1),
  (1337,645,'荞麦',37.0,'g',NULL,0,2),
  (1338,646,'柿子椒',20.0,'g',NULL,0,1),
  (1339,646,'鸡胸肉',50.0,'g',NULL,0,2),
  (1340,647,'苦瓜',100.0,'g',NULL,0,1),
  (1341,647,'鸡蛋',50.0,'g',NULL,0,2),
  (1342,648,'生菜',150.0,'g',NULL,0,1),
  (1343,649,'酸菜',15.0,'g',NULL,0,1),
  (1344,649,'豆腐',30.0,'g',NULL,0,2),
  (1345,649,'金针菇',20.0,'g',NULL,0,3),
  (1347,651,'大米',40.0,'g',NULL,0,1),
  (1348,651,'燕麦',25.0,'g',NULL,0,2),
  (1349,652,'剁辣椒',30.0,'g',NULL,0,1),
  (1350,652,'鲢鱼',80.0,'g',NULL,0,2),
  (1351,653,'大白菜',150.0,'g',NULL,0,1),
  (1352,654,'银耳',15.0,'g','干',0,1),
  (1353,654,'大枣',6.0,'g',NULL,1,2),
  (1354,654,'莲子',3.0,'g','鲜',1,3),
  (1355,655,'赤小豆',25.0,'g',NULL,1,1),
  (1356,655,'莲子',25.0,'g','鲜',1,2),
  (1358,657,'鸡蛋',50.0,'g',NULL,0,1),
  (1359,658,'西兰花',100.0,'g',NULL,0,1),
  (1360,659,'水果玉米',200.0,'g','带棒',0,1),
  (1361,660,'韭菜花',10.0,'g',NULL,0,1),
  (1362,660,'红柿子椒',10.0,'g',NULL,0,2),
  (1363,660,'河蚌',100.0,'g',NULL,0,3),
  (1364,661,'毛豆',100.0,'g',NULL,0,1),
  (1365,662,'丝瓜',100.0,'g',NULL,0,1),
  (1367,664,'青稞',25.0,'g',NULL,0,1),
  (1368,664,'绿豆',25.0,'g',NULL,0,2),
  (1369,665,'豆豉',5.0,'g',NULL,1,1),
  (1370,665,'辣椒',5.0,'g',NULL,0,2),
  (1371,665,'草鱼块',100.0,'g',NULL,0,3),
  (1372,666,'豆角',100.0,'g',NULL,0,1),
  (1373,667,'木耳菜',100.0,'g',NULL,0,1),
  (1374,668,'大枣',10.0,'g',NULL,1,1),
  (1375,668,'紫米',25.0,'g',NULL,0,2),
  (1376,668,'藜麦',25.0,'g',NULL,0,3),
  (1378,670,'鸡蛋',50.0,'g',NULL,0,1),
  (1379,671,'木耳',20.0,'g','干',0,1),
  (1380,671,'洋葱',100.0,'g',NULL,0,2),
  (1381,672,'红花豆',50.0,'g',NULL,0,1),
  (1382,672,'高粱米',50.0,'g',NULL,0,2),
  (1383,673,'红柿子椒',25.0,'g',NULL,0,1),
  (1384,673,'茭白',25.0,'g',NULL,0,2),
  (1385,673,'兔肉',50.0,'g',NULL,0,3),
  (1386,674,'西红柿',50.0,'g',NULL,0,1),
  (1387,674,'豆腐',50.0,'g',NULL,0,2),
  (1388,675,'红薯叶',100.0,'g',NULL,0,1),
  (1390,677,'芋头',250.0,'g',NULL,0,1),
  (1391,678,'鳕鱼',50.0,'g',NULL,0,1),
  (1392,679,'豆角',100.0,'g',NULL,0,1),
  (1393,680,'韭菜',50.0,'g',NULL,0,1),
  (1394,680,'绿豆芽',50.0,'g',NULL,0,2),
  (1395,681,'湿米粉',130.0,'g',NULL,0,1),
  (1396,681,'牛瘦肉',50.0,'g',NULL,0,2),
  (1397,681,'上海青',150.0,'g',NULL,0,3),
  (1398,682,'大米',70.0,'g',NULL,0,1),
  (1399,682,'黑米',40.0,'g',NULL,0,2),
  (1400,683,'西兰花',90.0,'g',NULL,0,1),
  (1401,683,'冻虾仁',90.0,'g',NULL,0,2),
  (1402,684,'黄柿子椒',30.0,'g',NULL,0,1),
  (1403,684,'圆白菜',150.0,'g',NULL,0,2),
  (1404,685,'广东菜心',150.0,'g',NULL,0,1),
  (1405,686,'鱼头',40.0,'g',NULL,0,1),
  (1406,686,'豆腐',30.0,'g',NULL,0,2),
  (1407,686,'生姜',10.0,'g',NULL,1,3),
  (1409,688,'南瓜',350.0,'g',NULL,0,1),
  (1410,689,'生菜',80.0,'g',NULL,0,1),
  (1411,689,'千张',40.0,'g',NULL,0,2),
  (1412,689,'金针菇',80.0,'g',NULL,0,3),
  (1413,690,'上海青',30.0,'g',NULL,0,1),
  (1414,690,'豆腐',30.0,'g',NULL,0,2),
  (1415,690,'鸡蛋',50.0,'g',NULL,0,3),
  (1416,691,'糯玉米',304.0,'g','带棒',0,1),
  (1418,693,'海带丝',100.0,'g','湿',0,1),
  (1420,695,'大米',50.0,'g',NULL,0,1),
  (1421,695,'燕麦',25.0,'g',NULL,0,2),
  (1422,696,'南豆腐',50.0,'g',NULL,0,1),
  (1423,697,'柿子椒',60.0,'g',NULL,0,1),
  (1424,697,'大葱',5.0,'g',NULL,0,2),
  (1425,697,'鸡胸肉',30.0,'g',NULL,0,3),
  (1426,698,'西兰花',100.0,'g',NULL,0,1),
  (1428,700,'鲜山药',300.0,'g',NULL,1,1),
  (1429,701,'去皮基围虾',40.0,'g',NULL,0,1),
  (1430,702,'竹笋',100.0,'g',NULL,0,1),
  (1431,703,'豆豉',5.0,'g',NULL,0,1),
  (1432,703,'苋菜',100.0,'g',NULL,0,2),
  (1433,704,'鲜山药',250.0,'g',NULL,1,1),
  (1435,706,'芥菜',100.0,'g',NULL,0,1),
  (1436,707,'赤小豆',25.0,'g',NULL,1,1),
  (1437,707,'薏苡仁',25.0,'g',NULL,1,2),
  (1438,708,'芹菜',50.0,'g',NULL,0,1),
  (1439,708,'香干',60.0,'g',NULL,0,2),
  (1440,709,'胡萝卜',50.0,'g',NULL,0,1),
  (1441,709,'青萝卜',100.0,'g',NULL,0,2),
  (1442,710,'当归',5.0,'g',NULL,1,1),
  (1443,710,'生姜',10.0,'g',NULL,0,2),
  (1444,710,'羊瘦肉',30.0,'g',NULL,0,3),
  (1446,712,'芋头',150.0,'g',NULL,0,1),
  (1447,712,'红米',35.0,'g',NULL,0,2),
  (1448,713,'鱼头',50.0,'g',NULL,0,1),
  (1449,713,'剁辣椒',15.0,'g',NULL,0,2),
  (1450,714,'红柿子椒',20.0,'g',NULL,0,1),
  (1451,714,'四季豆',30.0,'g',NULL,0,2),
  (1452,714,'猪里脊肉',50.0,'g',NULL,0,3),
  (1453,715,'茼蒿菜',150.0,'g',NULL,0,1),
  (1454,716,'玉米面粉',70.0,'g',NULL,0,1),
  (1455,717,'猪肉',15.0,'g',NULL,0,1),
  (1456,717,'鸡蛋',50.0,'g',NULL,0,2),
  (1457,718,'油麦菜',150.0,'g',NULL,0,1),
  (1458,719,'黄豆',15.0,'g','干',0,1),
  (1459,720,'大米',50.0,'g',NULL,0,1),
  (1460,720,'藜麦',35.0,'g',NULL,0,2),
  (1461,721,'干辣椒',5.0,'g',NULL,0,1),
  (1462,721,'花椒',3.0,'g',NULL,0,2),
  (1463,721,'剁辣椒',20.0,'g',NULL,0,3),
  (1464,721,'草鱼',50.0,'g',NULL,0,4),
  (1465,722,'芹菜',150.0,'g',NULL,0,1),
  (1466,722,'牛瘦肉',35.0,'g',NULL,0,2),
  (1467,723,'酸菜',20.0,'g',NULL,0,1),
  (1468,723,'金针菇',130.0,'g',NULL,0,2),
  (1469,724,'薏苡仁',25.0,'g',NULL,1,1),
  (1470,724,'莲藕',100.0,'g',NULL,0,2),
  (1472,726,'大米',30.0,'g',NULL,0,1),
  (1473,726,'赤小豆',25.0,'g',NULL,1,2),
  (1474,727,'冻虾仁',30.0,'g',NULL,0,1),
  (1475,727,'鸡蛋',30.0,'g',NULL,0,2),
  (1476,728,'尖椒',60.0,'g',NULL,0,1),
  (1477,728,'香菇',130.0,'g','鲜',0,2),
  (1478,729,'冬瓜',30.0,'g',NULL,0,1),
  (1479,729,'海带',30.0,'g','鲜',0,2),
  (1480,730,'玉米',150.0,'g','带棒',0,1),
  (1484,734,'小白菜',200.0,'g',NULL,0,1),
  (1485,734,'木耳',25.0,'g','干',0,2),
  (1486,734,'海带',25.0,'g','湿',0,3),
  (1487,734,'草鱼',65.0,'g',NULL,0,4),
  (1488,734,'米粉',35.0,'g','干',0,5),
  (1489,735,'黄豆',12.0,'g',NULL,0,1),
  (1490,736,'大米',25.0,'g',NULL,0,1),
  (1491,736,'薏苡仁',25.0,'g',NULL,1,2),
  (1492,737,'莴笋',200.0,'g',NULL,0,1),
  (1493,737,'兔肉',50.0,'g',NULL,0,2),
  (1494,737,'生姜',2.0,'g',NULL,1,3),
  (1495,738,'木瓜',50.0,'g',NULL,1,1),
  (1496,738,'胡萝卜',50.0,'g',NULL,0,2),
  (1497,738,'春笋',50.0,'g','鲜',0,3),
  (1498,739,'米粉',50.0,'g','干',0,1),
  (1499,739,'绿豆芽',100.0,'g',NULL,0,2),
  (1500,739,'辣椒油',5.0,'g',NULL,0,3),
  (1501,740,'黄豆',20.0,'g',NULL,0,1),
  (1502,741,'鸡蛋',50.0,'g',NULL,0,1),
  (1503,742,'玉米糁',15.0,'g',NULL,0,1),
  (1504,742,'大米',60.0,'g',NULL,0,2),
  (1505,742,'枸杞子',3.0,'g','干',1,3),
  (1506,743,'鲫鱼',100.0,'g',NULL,0,1),
  (1507,743,'小葱',10.0,'g',NULL,0,2),
  (1508,743,'花椒',2.0,'g',NULL,1,3),
  (1509,744,'茄子',100.0,'g',NULL,0,1),
  (1510,744,'尖椒',100.0,'g',NULL,0,2),
  (1512,746,'胡萝卜',70.0,'g',NULL,0,1),
  (1513,746,'牛瘦肉',50.0,'g',NULL,0,2),
  (1514,746,'面粉',70.0,'g',NULL,0,3),
  (1515,747,'茼蒿',200.0,'g',NULL,0,1),
  (1516,748,'面粉',60.0,'g',NULL,0,1),
  (1517,748,'鸡蛋',50.0,'g',NULL,0,2),
  (1518,748,'生菜',100.0,'g',NULL,0,3),
  (1519,749,'燕麦片',25.0,'g',NULL,0,1),
  (1520,749,'无糖酸奶',150.0,'g',NULL,0,2),
  (1521,749,'猕猴桃',50.0,'g',NULL,0,3),
  (1522,750,'黑米',75.0,'g',NULL,0,1),
  (1523,750,'黑豆',10.0,'g',NULL,0,2),
  (1524,751,'韭菜',200.0,'g',NULL,0,1),
  (1525,752,'鸡【去皮',NULL,NULL,NULL,0,1),
  (1526,752,'带骨】',75.0,'g',NULL,0,2),
  (1527,752,'干辣椒',25.0,'g',NULL,0,3),
  (1528,752,'花椒',5.0,'g',NULL,1,4),
  (1529,753,'甘薯粉条',70.0,'g','干',0,1),
  (1530,753,'瓢儿白',200.0,'g',NULL,0,2),
  (1531,754,'牛腱子肉',35.0,'g',NULL,0,1),
  (1532,755,'紫苏叶',25.0,'g',NULL,1,1),
  (1533,755,'豆腐',100.0,'g',NULL,0,2),
  (1534,756,'甘薯',150.0,'g',NULL,0,1),
  (1535,757,'鸡蛋',50.0,'g',NULL,0,1),
  (1538,760,'大米',45.0,'g',NULL,0,1),
  (1539,760,'玉米糁',15.0,'g',NULL,0,2),
  (1540,761,'鳝鱼',70.0,'g',NULL,0,1),
  (1541,761,'尖椒',100.0,'g',NULL,0,2),
  (1542,761,'黄瓜',150.0,'g',NULL,0,3),
  (1543,761,'八角茴香',2.0,'g',NULL,1,4),
  (1544,762,'油麦菜',150.0,'g',NULL,0,1),
  (1545,763,'土豆',200.0,'g',NULL,0,1),
  (1546,764,'空心菜',200.0,'g',NULL,0,1),
  (1547,765,'竹荪',25.0,'g','干',0,1),
  (1548,765,'鸡【去皮',NULL,NULL,NULL,0,2),
  (1549,765,'带骨】',60.0,'g',NULL,0,3),
  (1550,765,'枸杞子',10.0,'g','干',1,4),
  (1551,765,'生姜',2.0,'g',NULL,1,5),
  (1552,766,'面粉',40.0,'g',NULL,0,1),
  (1553,766,'枸杞子',5.0,'g','干',1,2),
  (1554,766,'葡萄干',10.0,'g',NULL,0,3),
  (1557,769,'大米',50.0,'g',NULL,0,1),
  (1558,769,'玉米糁',5.0,'g',NULL,0,2),
  (1559,769,'百合',5.0,'g','干',1,3),
  (1560,769,'莲子',5.0,'g',NULL,1,4),
  (1561,770,'黄瓜',75.0,'g',NULL,0,1),
  (1562,770,'木耳',50.0,'g','水发',0,2),
  (1563,770,'猪瘦肉',75.0,'g',NULL,0,3),
  (1564,771,'茄子',100.0,'g',NULL,0,1),
  (1565,771,'尖椒',100.0,'g',NULL,0,2),
  (1566,772,'荞麦面粉',65.0,'g',NULL,0,1),
  (1567,773,'四季豆',100.0,'g',NULL,0,1),
  (1568,773,'茄子',100.0,'g',NULL,0,2),
  (1569,774,'猪瘦肉',75.0,'g',NULL,0,1),
  (1570,774,'生菜',200.0,'g',NULL,0,2),
  (1571,775,'面粉',15.0,'g',NULL,0,1),
  (1572,775,'玉米面粉',25.0,'g',NULL,0,2),
  (1573,775,'核桃仁',10.0,'g','干',0,3),
  (1574,776,'鲜山药',150.0,'g',NULL,1,1),
  (1577,779,'黑米',50.0,'g',NULL,0,1),
  (1578,779,'黑米',25.0,'g',NULL,0,2),
  (1579,780,'四季豆',100.0,'g',NULL,0,1),
  (1580,780,'茄子',100.0,'g',NULL,0,2),
  (1581,781,'泡椒',25.0,'g',NULL,0,1),
  (1582,781,'水芹菜',150.0,'g',NULL,0,2),
  (1583,781,'牛瘦肉',75.0,'g',NULL,0,3),
  (1585,783,'玉米糁',15.0,'g',NULL,0,1),
  (1586,783,'大米',50.0,'g',NULL,0,2),
  (1587,784,'卤豆腐干',20.0,'g',NULL,0,1),
  (1588,784,'韭菜',200.0,'g',NULL,0,2),
  (1589,785,'鸡胸肉',75.0,'g','去皮',0,1),
  (1590,785,'小葱',30.0,'g',NULL,0,2),
  (1591,786,'燕麦片',50.0,'g',NULL,0,1),
  (1592,786,'脱脂牛奶',200.0,'mL',NULL,0,2),
  (1593,787,'芹菜',100.0,'g',NULL,0,1),
  (1594,788,'鸡蛋',50.0,'g',NULL,0,1),
  (1596,790,'大米',30.0,'g',NULL,1,1),
  (1597,791,'木耳',50.0,'g','水发',0,1),
  (1598,791,'胡萝卜',150.0,'g',NULL,0,2),
  (1599,791,'海带',10.0,'g','干',0,3),
  (1600,792,'桂鱼',50.0,'g',NULL,0,1),
  (1601,792,'花椒',5.0,'g',NULL,1,2),
  (1602,793,'大米',30.0,'g',NULL,1,1),
  (1603,794,'圆白菜',150.0,'g',NULL,0,1),
  (1604,795,'乌骨鸡【去皮',NULL,NULL,NULL,0,1),
  (1605,795,'带骨】',50.0,'g',NULL,0,2),
  (1606,795,'橘皮',5.0,'g',NULL,1,3),
  (1607,795,'鲜蘑菇',100.0,'g',NULL,0,4),
  (1608,795,'茯苓',5.0,'g',NULL,1,5),
  (1609,796,'燕麦片',60.0,'g',NULL,0,1),
  (1610,796,'脱脂牛奶',200.0,'mL',NULL,0,2),
  (1611,797,'冬笋',150.0,'g','鲜',0,1),
  (1612,798,'鸡蛋',50.0,'g',NULL,0,1),
  (1613,799,'大米',50.0,'g',NULL,0,1),
  (1614,799,'高粱米',15.0,'g',NULL,0,2),
  (1615,800,'儿菜',200.0,'g',NULL,0,1),
  (1616,801,'猪瘦肉',50.0,'g',NULL,0,1),
  (1617,801,'木耳',50.0,'g','水发',0,2),
  (1618,801,'胡萝卜',50.0,'g',NULL,0,3),
  (1619,802,'大米',45.0,'g',NULL,0,1),
  (1620,802,'玉米糁',15.0,'g',NULL,0,2),
  (1621,803,'鱼腥草',50.0,'g',NULL,1,1),
  (1622,803,'海带',50.0,'g','湿',0,2),
  (1623,803,'胡萝卜',50.0,'g',NULL,0,3),
  (1624,804,'鲈鱼',50.0,'g',NULL,0,1),
  (1625,804,'嫩豆腐',50.0,'g',NULL,0,2),
  (1626,804,'枸杞子',5.0,'g',NULL,1,3),
  (1627,804,'莴笋叶',200.0,'g',NULL,0,4),
  (1628,805,'燕麦片',50.0,'g',NULL,0,1),
  (1629,805,'脱脂牛奶',250.0,'mL',NULL,0,2),
  (1630,806,'秋葵',200.0,'g',NULL,0,1),
  (1631,807,'鸡蛋',50.0,'g',NULL,0,1),
  (1632,808,'大米',75.0,'g',NULL,0,1),
  (1633,808,'玉米糁',20.0,'g',NULL,0,2),
  (1634,809,'红菜苔',200.0,'g',NULL,0,1),
  (1635,810,'猪瘦肉',50.0,'g',NULL,0,1),
  (1636,810,'木耳',50.0,'g','水发',0,2),
  (1637,810,'莴笋',50.0,'g',NULL,0,3),
  (1638,810,'生姜',5.0,'g',NULL,1,4),
  (1639,811,'大米',75.0,'g',NULL,0,1),
  (1640,811,'高粱米',20.0,'g',NULL,0,2),
  (1641,812,'生菜',200.0,'g',NULL,0,1),
  (1642,813,'香菇',200.0,'g','鲜',0,1),
  (1643,814,'紫苏叶',10.0,'g',NULL,1,1),
  (1644,814,'黑鱼',100.0,'g',NULL,0,2),
  (1645,815,'荞麦面粉',50.0,'g',NULL,0,1),
  (1646,815,'圆白菜',150.0,'g',NULL,0,2),
  (1647,816,'鸡蛋',50.0,'g',NULL,0,1),
  (1648,817,'黄豆',20.0,'g','干',0,1),
  (1649,818,'大米',50.0,'g',NULL,0,1),
  (1650,818,'玉米糁',15.0,'g',NULL,0,2),
  (1651,819,'金针菇',100.0,'g',NULL,0,1),
  (1652,820,'兔肉',50.0,'g',NULL,0,1),
  (1653,820,'泡椒',10.0,'g',NULL,0,2),
  (1654,820,'黄瓜',100.0,'g',NULL,0,3),
  (1655,820,'花椒',5.0,'g',NULL,1,4),
  (1656,821,'大米',50.0,'g',NULL,0,1),
  (1657,821,'玉米糁',15.0,'g',NULL,0,2),
  (1658,822,'娃娃菜',200.0,'g',NULL,0,1),
  (1659,822,'枸杞子',5.0,'g','鲜',1,2),
  (1660,823,'鸡胸肉',50.0,'g','去皮',0,1),
  (1661,823,'莴笋',100.0,'g',NULL,0,2),
  (1662,824,'青稞炒面',10.0,'g',NULL,0,1),
  (1663,824,'面粉',50.0,'g',NULL,0,2),
  (1664,825,'菠菜',200.0,'g',NULL,0,1),
  (1665,825,'香菇',50.0,'g','鲜',0,2),
  (1666,826,'鸡蛋',50.0,'g',NULL,0,1),
  (1668,828,'大米',50.0,'g',NULL,0,1),
  (1669,828,'玉米糁',25.0,'g',NULL,0,2),
  (1670,829,'西葫芦',200.0,'g',NULL,0,1),
  (1671,830,'白萝卜',200.0,'g',NULL,0,1),
  (1672,830,'羊前腿肉',50.0,'g','带骨',0,2),
  (1673,830,'香菜',10.0,'g',NULL,0,3),
  (1674,830,'小葱',10.0,'g',NULL,0,4),
  (1675,830,'黑胡椒',2.0,'g',NULL,1,5),
  (1676,831,'大米',50.0,'g',NULL,0,1),
  (1677,831,'玉米糁',15.0,'g',NULL,0,2),
  (1678,832,'豌豆苗',150.0,'g',NULL,0,1),
  (1679,833,'鲈鱼',50.0,'g',NULL,0,1),
  (1680,833,'花椒【青',NULL,NULL,NULL,0,2),
  (1681,833,'湿重】',5.0,'g',NULL,1,3),
  (1682,834,'茄子',200.0,'g',NULL,0,1),
  (1683,835,'燕麦片',50.0,'g',NULL,0,1),
  (1684,835,'脱脂牛奶',250.0,'mL',NULL,0,2),
  (1685,836,'芹菜',150.0,'g',NULL,0,1),
  (1686,837,'鸡蛋',50.0,'g',NULL,0,1),
  (1687,838,'大米',50.0,'g',NULL,0,1),
  (1688,838,'青稞',15.0,'g',NULL,0,2),
  (1689,839,'冬寒菜',200.0,'g',NULL,0,1),
  (1690,840,'白萝卜',150.0,'g',NULL,0,1),
  (1691,840,'鲫鱼',100.0,'g',NULL,0,2),
  (1692,840,'紫苏叶',10.0,'g',NULL,1,3),
  (1693,840,'生姜',2.0,'g',NULL,1,4),
  (1695,842,'大米',40.0,'g',NULL,0,1),
  (1696,842,'玉米糁',15.0,'g',NULL,0,2),
  (1697,843,'儿菜',150.0,'g',NULL,0,1),
  (1698,843,'蘑菇',50.0,'g','鲜',0,2),
  (1699,843,'冬笋',100.0,'g','鲜',0,3),
  (1700,844,'北豆腐',120.0,'g',NULL,0,1),
  (1701,844,'猪瘦肉',25.0,'g',NULL,0,2),
  (1702,845,'菠菜',50.0,'g',NULL,0,1),
  (1703,845,'鸡蛋',25.0,'g',NULL,0,2),
  (1704,845,'面条',40.0,'g',NULL,0,3),
  (1706,847,'大米',40.0,'g',NULL,0,1),
  (1707,847,'红薯',100.0,'g',NULL,0,2),
  (1708,848,'柿子椒',30.0,'g',NULL,0,1),
  (1709,848,'胡萝卜',50.0,'g',NULL,0,2),
  (1710,848,'猪瘦肉',40.0,'g',NULL,0,3),
  (1711,849,'芥兰',100.0,'g',NULL,0,1),
  (1712,850,'西红柿',50.0,'g',NULL,0,1),
  (1713,850,'豆腐',30.0,'g',NULL,0,2),
  (1715,852,'大米',20.0,'g',NULL,0,1),
  (1716,852,'红米',20.0,'g',NULL,0,2),
  (1717,853,'鸡肉',40.0,'g',NULL,0,1),
  (1718,853,'莴苣',50.0,'g',NULL,0,2),
  (1719,854,'白菜',100.0,'g',NULL,0,1),
  (1720,855,'枳椇子',20.0,'g','干',1,1),
  (1721,855,'白萝卜',80.0,'g',NULL,0,2),
  (1722,855,'鲫鱼',30.0,'g',NULL,0,3),
  (1723,856,'菠菜',50.0,'g',NULL,0,1),
  (1724,856,'鸡蛋',50.0,'g',NULL,0,2),
  (1725,856,'肠粉',150.0,'g','湿',0,3),
  (1727,858,'大米',60.0,'g',NULL,0,1),
  (1728,859,'鲩鱼',30.0,'g',NULL,0,1),
  (1729,860,'菜心',100.0,'g',NULL,0,1),
  (1730,861,'冬瓜',150.0,'g',NULL,0,1),
  (1731,861,'豆腐',50.0,'g',NULL,0,2),
  (1732,861,'猪瘦肉',20.0,'g',NULL,0,3),
  (1734,863,'大米',25.0,'g',NULL,0,1),
  (1735,863,'玉米碴',20.0,'g','干',0,2),
  (1736,864,'油菜',150.0,'g',NULL,0,1),
  (1737,865,'木耳',10.0,'g','干',0,1),
  (1738,865,'鸡肉',35.0,'g',NULL,0,2),
  (1739,866,'柿子椒',100.0,'g',NULL,0,1),
  (1740,866,'牛肉',25.0,'g',NULL,0,2),
  (1741,867,'莲子',5.0,'g','干',1,1),
  (1742,867,'百合',15.0,'g','鲜',1,2),
  (1743,867,'白扁豆',8.0,'g','干',1,3),
  (1744,867,'山药',5.0,'g','干',1,4),
  (1745,868,'香菇',3.0,'g','干',0,1),
  (1746,868,'鸡蛋',50.0,'g',NULL,0,2),
  (1747,868,'面条',70.0,'g','干',0,3),
  (1749,870,'大米',75.0,'g',NULL,0,1),
  (1750,871,'黄瓜',100.0,'g',NULL,0,1),
  (1751,871,'猪瘦肉',30.0,'g',NULL,0,2),
  (1752,872,'绿豆芽',100.0,'g',NULL,0,1),
  (1753,872,'鸡肉',30.0,'g',NULL,0,2),
  (1754,873,'豆腐',30.0,'g',NULL,0,1),
  (1755,873,'鱼头',100.0,'g',NULL,0,2),
  (1757,875,'大米',40.0,'g',NULL,0,1),
  (1758,875,'燕麦',30.0,'g',NULL,0,2),
  (1759,876,'猪排骨',25.0,'g',NULL,0,1),
  (1760,876,'南瓜',150.0,'g',NULL,0,2),
  (1761,877,'韭菜',140.0,'g',NULL,0,1),
  (1762,877,'牛肉',25.0,'g',NULL,0,2),
  (1763,878,'郁李仁',3.0,'g',NULL,1,1),
  (1764,878,'粳米',20.0,'g',NULL,0,2),
  (1765,879,'鸡蛋',25.0,'g',NULL,0,1),
  (1766,879,'米粉条',90.0,'g','湿',0,2),
  (1767,879,'芥兰',50.0,'g',NULL,0,3),
  (1769,881,'大米',50.0,'g',NULL,0,1),
  (1770,882,'菜心',100.0,'g',NULL,0,1),
  (1771,883,'马鲛鱼',50.0,'g',NULL,0,1),
  (1772,884,'冬瓜',150.0,'g',NULL,0,1),
  (1773,884,'海带',60.0,'g','鲜',0,2),
  (1774,884,'豆腐',40.0,'g',NULL,0,3),
  (1776,886,'大米',20.0,'g',NULL,0,1),
  (1777,886,'红薯',80.0,'g',NULL,0,2),
  (1778,887,'苦瓜',100.0,'g',NULL,0,1),
  (1779,887,'猪瘦肉',30.0,'g',NULL,0,2),
  (1780,887,'木耳',5.0,'g','干',0,3),
  (1781,888,'空心菜',150.0,'g',NULL,0,1),
  (1782,889,'薏苡仁',10.0,'g',NULL,1,1),
  (1783,889,'绿豆',5.0,'g','干',0,2),
  (1784,889,'百合',15.0,'g','鲜',1,3),
  (1785,890,'面粉',20.0,'g',NULL,0,1),
  (1786,890,'大白菜',20.0,'g',NULL,0,2),
  (1787,891,'低脂奶粉',25.0,'g',NULL,0,1),
  (1788,891,'燕麦片',30.0,'g',NULL,0,2),
  (1789,892,'鸡蛋',50.0,'g',NULL,0,1),
  (1790,893,'大米',80.0,'g',NULL,0,1),
  (1791,894,'长豆角',100.0,'g',NULL,0,1),
  (1792,894,'鸡肉',20.0,'g',NULL,0,2),
  (1793,895,'芥菜',150.0,'g',NULL,0,1),
  (1794,896,'豆腐',30.0,'g',NULL,0,1),
  (1795,896,'猪排骨',20.0,'g',NULL,0,2),
  (1796,896,'枸杞子',3.0,'g',NULL,1,3),
  (1798,898,'大米',30.0,'g',NULL,0,1),
  (1799,898,'黑米',30.0,'g',NULL,0,2),
  (1800,899,'黄瓜',100.0,'g',NULL,0,1),
  (1801,899,'猪瘦肉',20.0,'g',NULL,0,2),
  (1802,900,'桂花鱼',30.0,'g',NULL,0,1),
  (1803,901,'菜心',100.0,'g',NULL,0,1),
  (1804,902,'荷叶半张',NULL,NULL,'鲜',1,1),
  (1805,902,'冬瓜',90.0,'g','鲜',0,2),
  (1806,903,'牛肉',50.0,'g',NULL,0,1),
  (1807,903,'细米粉',50.0,'g',NULL,0,2),
  (1808,903,'空心菜',50.0,'g',NULL,0,3),
  (1810,905,'大米',80.0,'g',NULL,0,1),
  (1811,906,'苋菜',150.0,'g',NULL,0,1),
  (1812,907,'鸡蛋',50.0,'g',NULL,0,1),
  (1813,907,'佛手瓜',100.0,'g',NULL,0,2),
  (1814,908,'金针菇',50.0,'g',NULL,0,1),
  (1815,908,'黄骨鱼',20.0,'g',NULL,0,2),
  (1816,908,'豆腐',60.0,'g',NULL,0,3),
  (1818,910,'大米',30.0,'g',NULL,0,1),
  (1819,910,'小米',25.0,'g',NULL,0,2),
  (1820,911,'茄子',120.0,'g',NULL,0,1),
  (1821,911,'猪瘦肉',30.0,'g',NULL,0,2),
  (1822,912,'杏鲍菇',30.0,'g','鲜',0,1),
  (1823,912,'白菜',140.0,'g',NULL,0,2),
  (1824,913,'鸡肉',20.0,'g',NULL,0,1),
  (1825,914,'决明子',3.0,'g',NULL,1,1),
  (1826,914,'绿豆',5.0,'g','干',0,2),
  (1827,914,'昆布',5.0,'g','干',1,3),
  (1828,914,'大米',15.0,'g',NULL,0,4),
  (1829,915,'鸡蛋',25.0,'g',NULL,0,1),
  (1830,915,'肠粉',110.0,'g','湿',0,2),
  (1831,915,'生菜',50.0,'g',NULL,0,3),
  (1833,917,'大米',60.0,'g',NULL,0,1),
  (1834,918,'莲藕',30.0,'g',NULL,0,1),
  (1835,918,'胡萝卜',100.0,'g',NULL,0,2),
  (1836,918,'猪排骨',15.0,'g',NULL,0,3),
  (1837,919,'马鲛鱼',40.0,'g',NULL,0,1),
  (1838,920,'大白菜',110.0,'g',NULL,0,1),
  (1840,922,'大米',30.0,'g',NULL,0,1),
  (1841,922,'燕麦',20.0,'g',NULL,0,2),
  (1842,923,'红薯叶',150.0,'g',NULL,0,1),
  (1843,924,'芸豆',80.0,'g','鲜',0,1),
  (1844,924,'牛肉',40.0,'g',NULL,0,2),
  (1845,925,'罗汉果',0.5,'个',NULL,1,1),
  (1846,925,'猪肺',1.0,'个',NULL,0,2),
  (1847,925,'干霸王花1 小捆',NULL,NULL,NULL,0,3),
  (1848,925,'橘皮适量',NULL,NULL,NULL,1,4),
  (1849,925,'生姜',2.0,'片',NULL,1,5),
  (1850,926,'面粉',50.0,'g',NULL,0,1),
  (1851,926,'大白菜',25.0,'g',NULL,0,2),
  (1852,926,'鲜山药',15.0,'g',NULL,1,3),
  (1853,926,'玉米',15.0,'g','鲜',0,4),
  (1854,926,'香葱',1.0,'g',NULL,0,5),
  (1855,926,'虾米',4.0,'g',NULL,0,6),
  (1856,926,'猪瘦肉',15.0,'g',NULL,0,7),
  (1858,928,'大米',50.0,'g',NULL,0,1),
  (1859,929,'猪瘦肉',15.0,'g',NULL,0,1),
  (1860,929,'黄豆芽',100.0,'g',NULL,0,2),
  (1861,930,'鹅肉',25.0,'g',NULL,0,1),
  (1862,931,'西红柿',150.0,'g',NULL,0,1),
  (1863,931,'豆腐',50.0,'g',NULL,0,2),
  (1865,933,'大米',20.0,'g',NULL,0,1),
  (1866,934,'玉米',55.0,'g',NULL,0,1),
  (1867,935,'西芹',100.0,'g',NULL,0,1),
  (1868,935,'百合',30.0,'g','鲜',1,2),
  (1869,935,'鸡肉',20.0,'g',NULL,0,3),
  (1870,936,'上海青',150.0,'g',NULL,0,1),
  (1871,937,'黄脚立',30.0,'g',NULL,0,1),
  (1872,938,'猪腱子肉',100.0,'g',NULL,0,1),
  (1873,938,'苹果',80.0,'g',NULL,0,2),
  (1874,938,'雪梨',80.0,'g',NULL,0,3),
  (1875,938,'山楂',2.0,'颗','鲜',1,4),
  (1876,939,'面粉',40.0,'g',NULL,0,1),
  (1878,941,'排粉',30.0,'g',NULL,0,1),
  (1879,941,'大白菜',30.0,'g',NULL,0,2),
  (1880,941,'猪瘦肉',50.0,'g',NULL,0,3),
  (1881,942,'大米',70.0,'g',NULL,0,1),
  (1882,943,'丝瓜',120.0,'g',NULL,0,1),
  (1883,943,'鸡蛋',50.0,'g',NULL,0,2),
  (1884,944,'生菜',110.0,'g',NULL,0,1),
  (1885,945,'海带',50.0,'g','鲜',0,1),
  (1886,945,'鸡肉',80.0,'g',NULL,0,2),
  (1888,947,'大米',30.0,'g',NULL,0,1),
  (1889,947,'黑米',30.0,'g',NULL,0,2),
  (1890,948,'牛肉',45.0,'g',NULL,0,1),
  (1891,948,'南瓜',150.0,'g',NULL,0,2),
  (1892,949,'西兰花',80.0,'g',NULL,0,1),
  (1893,949,'猪瘦肉',25.0,'g',NULL,0,2),
  (1894,950,'紫苏籽',5.0,'g','干',1,1),
  (1895,950,'火麻仁',5.0,'g','干',1,2),
  (1896,950,'粳米',20.0,'g',NULL,0,3),
  (1898,952,'燕麦',15.0,'g',NULL,0,1),
  (1900,954,'鸡蛋',50.0,'g',NULL,0,1),
  (1901,955,'大米',50.0,'g',NULL,0,1),
  (1902,956,'芋头',20.0,'g',NULL,0,1),
  (1903,956,'鸡肉',60.0,'g',NULL,0,2),
  (1904,957,'芥菜',100.0,'g',NULL,0,1),
  (1905,958,'白萝卜',100.0,'g',NULL,0,1),
  (1906,958,'羊肉',15.0,'g',NULL,0,2),
  (1908,960,'大米',25.0,'g',NULL,0,1),
  (1909,960,'玉米糁',25.0,'g',NULL,0,2),
  (1910,961,'圆白菜',80.0,'g',NULL,0,1),
  (1911,962,'冬笋',100.0,'g',NULL,0,1),
  (1912,962,'牛肉',30.0,'g',NULL,0,2),
  (1913,963,'猪瘦肉',15.0,'g',NULL,0,1),
  (1914,963,'火麻仁',8.0,'g',NULL,1,2),
  (1915,963,'郁李仁',3.0,'g',NULL,1,3),
  (1916,963,'当归',2.0,'g',NULL,1,4),
  (1917,964,'面粉',65.0,'g',NULL,0,1),
  (1918,965,'大白菜',20.0,'g',NULL,0,1),
  (1920,967,'鸡蛋',50.0,'g',NULL,0,1),
  (1921,968,'大米',60.0,'g',NULL,0,1),
  (1922,969,'香菇',10.0,'g','干',0,1),
  (1923,969,'鸡肉',30.0,'g',NULL,0,2),
  (1924,970,'西洋菜',125.0,'g',NULL,0,1),
  (1925,971,'白萝卜',120.0,'g',NULL,0,1),
  (1926,971,'豆腐',50.0,'g',NULL,0,2),
  (1928,973,'大米',30.0,'g',NULL,0,1),
  (1929,973,'小米',25.0,'g',NULL,0,2),
  (1930,974,'荷兰豆',60.0,'g',NULL,0,1),
  (1931,974,'猪瘦肉',15.0,'g',NULL,0,2),
  (1932,975,'球茎甘蓝',120.0,'g',NULL,0,1),
  (1933,975,'鲈鱼',20.0,'g',NULL,0,2),
  (1934,976,'莱菔子',10.0,'g','干',1,1),
  (1935,976,'桃仁',10.0,'g','干',1,2),
  (1936,976,'甜杏仁',10.0,'g','干',1,3),
  (1937,976,'猪排骨',15.0,'g',NULL,0,4),
  (1938,977,'肠粉',250.0,'g','湿',0,1),
  (1939,977,'鸡蛋',50.0,'g',NULL,0,2),
  (1941,979,'糙米',90.0,'g',NULL,0,1),
  (1942,980,'冬笋',80.0,'g',NULL,0,1),
  (1943,980,'海虾',30.0,'g',NULL,0,2),
  (1944,981,'矮脚白菜',80.0,'g',NULL,0,1),
  (1945,982,'枸杞叶',50.0,'g',NULL,0,1),
  (1946,982,'豆腐',50.0,'g',NULL,0,2),
  (1948,984,'大米',65.0,'g',NULL,0,1),
  (1949,984,'羊肉',25.0,'g',NULL,0,2),
  (1950,985,'茼蒿菜',150.0,'g',NULL,0,1),
  (1951,986,'西兰花',100.0,'g',NULL,0,1),
  (1952,986,'鸡肉',40.0,'g',NULL,0,2),
  (1953,987,'猪瘦肉',20.0,'g',NULL,0,1),
  (1954,987,'白茅根',10.0,'g','干',1,2);


-- 数据统计: 84 套食谱 | 352 个餐次 | 987 道菜品 | 1954 条食材
-- =====================
-- 索引 & 视图
-- =====================

CREATE INDEX idx_recipes_region ON recipes(region_id);
CREATE INDEX idx_recipes_season ON recipes(season_id);
CREATE INDEX idx_recipes_energy ON recipes(energy_kcal);
CREATE INDEX idx_meals_recipe ON meals(recipe_id);
CREATE INDEX idx_dishes_meal ON dishes(meal_id);
CREATE INDEX idx_ingredients_dish ON ingredients(dish_id);
CREATE INDEX idx_ingredients_name ON ingredients(name);
CREATE INDEX idx_ingredients_medicinal ON ingredients(is_medicinal);

-- 常用查询视图: 食谱概览
CREATE VIEW v_recipe_overview AS
SELECT
    r.id AS recipe_id,
    reg.name AS region,
    s.name  AS season,
    r.energy_kcal,
    r.title,
    r.oil_g,
    r.salt_note,
    r.protein_g, r.carb_g, r.fat_g,
    r.protein_pct, r.carb_pct, r.fat_pct
FROM recipes r
JOIN regions reg ON reg.id = r.region_id
JOIN seasons s   ON s.id  = r.season_id;

-- 常用查询视图: 完整菜品明细
CREATE VIEW v_dish_detail AS
SELECT
    reg.name AS region,
    s.name   AS season,
    r.energy_kcal,
    CASE m.meal_type
        WHEN 'breakfast' THEN '早餐'
        WHEN 'snack'     THEN '加餐'
        WHEN 'lunch'     THEN '中餐'
        WHEN 'dinner'    THEN '晚餐'
    END AS meal_type,
    d.name AS dish_name,
    i.name AS ingredient_name,
    i.amount, i.unit, i.state,
    CASE i.is_medicinal WHEN 1 THEN '是' ELSE '否' END AS is_medicinal
FROM recipes r
JOIN regions reg  ON reg.id = r.region_id
JOIN seasons s    ON s.id  = r.season_id
JOIN meals m      ON m.recipe_id = r.id
JOIN dishes d     ON d.meal_id = m.id
JOIN ingredients i ON i.dish_id = d.id
ORDER BY r.id, m.sort_order, d.sort_order, i.sort_order;

-- 示例查询:
-- 1. 查看东北地区春季1200kcal食谱
--    SELECT * FROM v_recipe_overview WHERE region='东北地区' AND season='春季' AND energy_kcal=1200;
-- 2. 查询所有用到薏苡仁的菜品
--    SELECT DISTINCT region, season, energy_kcal, dish_name FROM v_dish_detail WHERE ingredient_name='薏苡仁';
-- 3. 查询所有食药物质
--    SELECT DISTINCT ingredient_name, COUNT(*) as cnt FROM ingredients WHERE is_medicinal=1 GROUP BY ingredient_name ORDER BY cnt DESC;
